uuid,device,date,config_scenario,config_profile,subject_id,session_number,session_started_at,session_ended_at,trial_number_session,trial_started_at,repetition,level_number,level_name,level_background,stage_number,objects_count,object1_name,object1_touch_diff_time,object2_name,object2_touch_diff_time,object3_name,object3_touch_diff_time,object4_name,object4_touch_diff_time,mandy_touch_diff_time,object_asked,object_asked_position,object_touched,object_touched_position,object_touched_at,stage_end,correct,feedback
0EB3D66BC9E147EBA31790AA5F3FA58A,Unknown,2016-04-27,"",Espanol_Grupo1_imp,0,58,2016-04-27T01:45:17.000Z,,1,2016-04-27T01:45:18.504Z,0,1,entrenamiento,countryside,1,2,nariz_imp,,oreja_imp,,,,,,1279,nariz_imp,CENTER_LEFT,nariz_imp,CENTER_LEFT,2652,touch_object,1,1
0EB3D66BC9E147EBA31790AA5F3FA58A,Unknown,2016-04-27,"",Espanol_Grupo1_imp,0,58,2016-04-27T01:45:17.000Z,,2,2016-04-27T01:45:30.183Z,1,1,entrenamiento,countryside,2,2,amarillo_imp,,verde_imp,,,,,,724,verde_imp,CENTER_RIGHT,amarillo_imp,CENTER_LEFT,7638,touch_object,0,1
0EB3D66BC9E147EBA31790AA5F3FA58A,Unknown,2016-04-27,"",Espanol_Grupo1_imp,0,58,2016-04-27T01:45:17.000Z,,3,2016-04-27T01:45:45.818Z,1,1,entrenamiento,countryside,2,2,amarillo_imp,,verde_imp,,,,,,1929,verde_imp,CENTER_RIGHT,amarillo_imp,CENTER_LEFT,1728,touch_object,0,1
0EB3D66BC9E147EBA31790AA5F3FA58A,Unknown,2016-04-27,"",Espanol_Grupo1_imp,0,58,2016-04-27T01:45:17.000Z,,4,2016-04-27T01:45:56.751Z,0,1,entrenamiento,countryside,2,2,amarillo_imp,,verde_imp,,,,,,6631,verde_imp,CENTER_RIGHT,verde_imp,CENTER_RIGHT,1355,touch_object,1,1
0EB3D66BC9E147EBA31790AA5F3FA58A,Unknown,2016-04-27,"",Espanol_Grupo1_imp,0,58,2016-04-27T01:45:17.000Z,,5,2016-04-27T01:46:12.052Z,0,1,entrenamiento,countryside,3,2,sonreir_imp,,correr_imp,,,,,,220,sonreir_imp,CENTER_LEFT,sonreir_imp,CENTER_LEFT,1211,touch_object,1,1
0EB3D66BC9E147EBA31790AA5F3FA58A,Unknown,2016-04-27,"",Espanol_Grupo1_imp,0,58,2016-04-27T01:45:17.000Z,,6,2016-04-27T01:46:20.769Z,1,1,entrenamiento,countryside,4,2,abrir_imp,,tirar_imp,,,,,,2601,tirar_imp,CENTER_RIGHT,abrir_imp,CENTER_LEFT,2741,touch_object,0,1
0EB3D66BC9E147EBA31790AA5F3FA58A,Unknown,2016-04-27,"",Espanol_Grupo1_imp,0,58,2016-04-27T01:45:17.000Z,,7,2016-04-27T01:46:33.385Z,0,1,entrenamiento,countryside,4,2,abrir_imp,,tirar_imp,,,,,,906,tirar_imp,CENTER_RIGHT,tirar_imp,CENTER_RIGHT,1642,touch_object,1,1
0EB3D66BC9E147EBA31790AA5F3FA58A,Unknown,2016-04-27,"",Espanol_Grupo1_imp,0,58,2016-04-27T01:45:17.000Z,,8,2016-04-27T01:46:44.597Z,0,2,block1,beach,1,2,boton_imp,,pez_imp,,,,,,5567,pez_imp,CENTER_RIGHT,pez_imp,CENTER_RIGHT,1293,touch_object,1,1
0EB3D66BC9E147EBA31790AA5F3FA58A,Unknown,2016-04-27,"",Espanol_Grupo1_imp,0,58,2016-04-27T01:45:17.000Z,,9,2016-04-27T01:46:58.838Z,0,2,block1,beach,2,2,barrer_imp,,clavar_imp,,,,,,456,clavar_imp,CENTER_RIGHT,clavar_imp,CENTER_RIGHT,1538,touch_object,1,1
0EB3D66BC9E147EBA31790AA5F3FA58A,Unknown,2016-04-27,"",Espanol_Grupo1_imp,0,58,2016-04-27T01:45:17.000Z,,10,2016-04-27T01:47:08.122Z,0,2,block1,beach,3,2,lavar_imp,,comer_imp,,,,,,553,lavar_imp,CENTER_LEFT,lavar_imp,CENTER_LEFT,1442,touch_object,1,1
0EB3D66BC9E147EBA31790AA5F3FA58A,Unknown,2016-04-27,"",Espanol_Grupo1_imp,0,58,2016-04-27T01:45:17.000Z,,11,2016-04-27T01:47:17.405Z,0,2,block1,beach,4,2,pescar_imp,,nadar_imp,,,,,,563,pescar_imp,CENTER_LEFT,pescar_imp,CENTER_LEFT,1965,touch_object,1,1
0EB3D66BC9E147EBA31790AA5F3FA58A,Unknown,2016-04-27,"",Espanol_Grupo1_imp,0,58,2016-04-27T01:45:17.000Z,,12,2016-04-27T01:47:27.240Z,0,2,block1,beach,5,2,tortuga_imp,,mariposa_imp,,,,,,5805,mariposa_imp,CENTER_RIGHT,mariposa_imp,CENTER_RIGHT,1180,touch_object,1,1
0EB3D66BC9E147EBA31790AA5F3FA58A,Unknown,2016-04-27,"",Espanol_Grupo1_imp,0,58,2016-04-27T01:45:17.000Z,,13,2016-04-27T01:47:41.524Z,0,2,block1,beach,6,2,oscuro_imp,,redondo_imp,,,,,,632,oscuro_imp,CENTER_LEFT,redondo_imp,CENTER_RIGHT,2188,touch_object,0,1
0EB3D66BC9E147EBA31790AA5F3FA58A,Unknown,2016-04-27,"",Espanol_Grupo1_imp,0,58,2016-04-27T01:45:17.000Z,,14,2016-04-27T01:47:51.608Z,0,2,block1,beach,7,2,pinguino_imp,,canguro_imp,,,,,,2024,canguro_imp,CENTER_RIGHT,canguro_imp,CENTER_RIGHT,1763,touch_object,1,1
