uuid,device,date,config_scenario,config_profile,subject_id,session_number,session_started_at,session_ended_at,trial_number_session,trial_started_at,repetition,level_number,level_name,level_background,stage_number,objects_count,object1_name,object1_touch_diff_time,object2_name,object2_touch_diff_time,object3_name,object3_touch_diff_time,object4_name,object4_touch_diff_time,mandy_touch_diff_time,object_asked,object_asked_position,object_touched,object_touched_position,object_touched_at,stage_end,correct,feedback
0D7260086D3045C7B3E29677426103E0,Unknown,2016-04-27,"",Espanol_Grupo1_imp,0,57,2016-04-27T01:09:00.000Z,2016-04-27T01:16:26.000Z,1,2016-04-27T01:09:01.116Z,0,1,entrenamiento,countryside,1,2,nariz_imp,,oreja_imp,,,,,,580,nariz_imp,CENTER_LEFT,nariz_imp,CENTER_LEFT,826,touch_object,1,1
0D7260086D3045C7B3E29677426103E0,Unknown,2016-04-27,"",Espanol_Grupo1_imp,0,57,2016-04-27T01:09:00.000Z,2016-04-27T01:16:26.000Z,2,2016-04-27T01:09:10.199Z,0,1,entrenamiento,countryside,2,2,amarillo_imp,,verde_imp,,,,,,2989,verde_imp,CENTER_RIGHT,verde_imp,CENTER_RIGHT,1115,touch_object,1,1
0D7260086D3045C7B3E29677426103E0,Unknown,2016-04-27,"",Espanol_Grupo1_imp,0,57,2016-04-27T01:09:00.000Z,2016-04-27T01:16:26.000Z,3,2016-04-27T01:09:21.593Z,0,1,entrenamiento,countryside,3,2,sonreir_imp,,correr_imp,,,,,,460,sonreir_imp,CENTER_LEFT,sonreir_imp,CENTER_LEFT,1545,touch_object,1,1
0D7260086D3045C7B3E29677426103E0,Unknown,2016-04-27,"",Espanol_Grupo1_imp,0,57,2016-04-27T01:09:00.000Z,2016-04-27T01:16:26.000Z,4,2016-04-27T01:09:30.909Z,0,1,entrenamiento,countryside,4,2,abrir_imp,,tirar_imp,,,,,,1209,tirar_imp,CENTER_RIGHT,tirar_imp,CENTER_RIGHT,1250,touch_object,1,1
0D7260086D3045C7B3E29677426103E0,Unknown,2016-04-27,"",Espanol_Grupo1_imp,0,57,2016-04-27T01:09:00.000Z,2016-04-27T01:16:26.000Z,5,2016-04-27T01:09:41.895Z,0,2,block1,beach,1,2,boton_imp,,pez_imp,,,,,,427,pez_imp,CENTER_RIGHT,pez_imp,CENTER_RIGHT,796,touch_object,1,1
0D7260086D3045C7B3E29677426103E0,Unknown,2016-04-27,"",Espanol_Grupo1_imp,0,57,2016-04-27T01:09:00.000Z,2016-04-27T01:16:26.000Z,6,2016-04-27T01:09:50.478Z,0,2,block1,beach,2,2,barrer_imp,,clavar_imp,,,,,,199,clavar_imp,CENTER_RIGHT,barrer_imp,CENTER_LEFT,1035,touch_object,0,1
0D7260086D3045C7B3E29677426103E0,Unknown,2016-04-27,"",Espanol_Grupo1_imp,0,57,2016-04-27T01:09:00.000Z,2016-04-27T01:16:26.000Z,7,2016-04-27T01:09:58.979Z,0,2,block1,beach,3,2,lavar_imp,,comer_imp,,,,,,379,lavar_imp,CENTER_LEFT,lavar_imp,CENTER_LEFT,1220,touch_object,1,1
0D7260086D3045C7B3E29677426103E0,Unknown,2016-04-27,"",Espanol_Grupo1_imp,0,57,2016-04-27T01:09:00.000Z,2016-04-27T01:16:26.000Z,8,2016-04-27T01:10:07.862Z,0,2,block1,beach,4,2,pescar_imp,,nadar_imp,,,,,,522,pescar_imp,CENTER_LEFT,pescar_imp,CENTER_LEFT,1214,touch_object,1,1
0D7260086D3045C7B3E29677426103E0,Unknown,2016-04-27,"",Espanol_Grupo1_imp,0,57,2016-04-27T01:09:00.000Z,2016-04-27T01:16:26.000Z,9,2016-04-27T01:10:16.896Z,0,2,block1,beach,5,2,tortuga_imp,,mariposa_imp,,,,,,420,mariposa_imp,CENTER_RIGHT,mariposa_imp,CENTER_RIGHT,1079,touch_object,1,1
0D7260086D3045C7B3E29677426103E0,Unknown,2016-04-27,"",Espanol_Grupo1_imp,0,57,2016-04-27T01:09:00.000Z,2016-04-27T01:16:26.000Z,10,2016-04-27T01:10:25.699Z,0,2,block1,beach,6,2,oscuro_imp,,redondo_imp,,,,,,483,oscuro_imp,CENTER_LEFT,oscuro_imp,CENTER_LEFT,1566,touch_object,1,1
0D7260086D3045C7B3E29677426103E0,Unknown,2016-04-27,"",Espanol_Grupo1_imp,0,57,2016-04-27T01:09:00.000Z,2016-04-27T01:16:26.000Z,11,2016-04-27T01:10:35.130Z,0,2,block1,beach,7,2,pinguino_imp,,canguro_imp,,,,,,370,canguro_imp,CENTER_RIGHT,canguro_imp,CENTER_RIGHT,899,touch_object,1,1
0D7260086D3045C7B3E29677426103E0,Unknown,2016-04-27,"",Espanol_Grupo1_imp,0,57,2016-04-27T01:09:00.000Z,2016-04-27T01:16:26.000Z,12,2016-04-27T01:10:43.680Z,0,2,block1,beach,8,2,lleno_imp,,alto_imp,,,,,,461,alto_imp,CENTER_RIGHT,alto_imp,CENTER_RIGHT,1647,touch_object,1,1
0D7260086D3045C7B3E29677426103E0,Unknown,2016-04-27,"",Espanol_Grupo1_imp,0,57,2016-04-27T01:09:00.000Z,2016-04-27T01:16:26.000Z,13,2016-04-27T01:10:53.098Z,0,2,block1,beach,9,2,inflar_imp,,atajar_imp,,,,,,998,inflar_imp,CENTER_LEFT,inflar_imp,CENTER_LEFT,1187,touch_object,1,1
0D7260086D3045C7B3E29677426103E0,Unknown,2016-04-27,"",Espanol_Grupo1_imp,0,57,2016-04-27T01:09:00.000Z,2016-04-27T01:16:26.000Z,14,2016-04-27T01:11:02.565Z,0,2,block1,beach,10,2,colectivo_imp,,avion_imp,,,,,,508,avion_imp,CENTER_RIGHT,avion_imp,CENTER_RIGHT,1019,touch_object,1,1
0D7260086D3045C7B3E29677426103E0,Unknown,2016-04-27,"",Espanol_Grupo1_imp,0,57,2016-04-27T01:09:00.000Z,2016-04-27T01:16:26.000Z,15,2016-04-27T01:11:11.382Z,0,2,block1,beach,11,2,caballo_imp,,gato_imp,,,,,,6686,caballo_imp,CENTER_LEFT,caballo_imp,CENTER_LEFT,1497,touch_object,1,1
0D7260086D3045C7B3E29677426103E0,Unknown,2016-04-27,"",Espanol_Grupo1_imp,0,57,2016-04-27T01:09:00.000Z,2016-04-27T01:16:26.000Z,16,2016-04-27T01:11:26.883Z,0,2,block1,beach,12,2,peludo_imp,,rayado_imp,,,,,,5414,peludo_imp,CENTER_LEFT,peludo_imp,CENTER_LEFT,1188,touch_object,1,1
0D7260086D3045C7B3E29677426103E0,Unknown,2016-04-27,"",Espanol_Grupo1_imp,0,57,2016-04-27T01:09:00.000Z,2016-04-27T01:16:26.000Z,17,2016-04-27T01:11:40.784Z,0,2,block1,beach,13,2,helicoptero_imp,,accidente_imp,,,,,,3152,accidente_imp,CENTER_RIGHT,accidente_imp,CENTER_RIGHT,1678,touch_object,1,1
0D7260086D3045C7B3E29677426103E0,Unknown,2016-04-27,"",Espanol_Grupo1_imp,0,57,2016-04-27T01:09:00.000Z,2016-04-27T01:16:26.000Z,18,2016-04-27T01:11:52.918Z,0,2,block1,beach,14,2,casa_imp,,comida_imp,,,,,,469,comida_imp,CENTER_RIGHT,comida_imp,CENTER_RIGHT,1177,touch_object,1,1
0D7260086D3045C7B3E29677426103E0,Unknown,2016-04-27,"",Espanol_Grupo1_imp,0,57,2016-04-27T01:09:00.000Z,2016-04-27T01:16:26.000Z,19,2016-04-27T01:12:03.028Z,0,3,block2,mountain,1,2,rio_imp,,bosque_imp,,,,,,546,rio_imp,CENTER_LEFT,rio_imp,CENTER_LEFT,1220,touch_object,1,1
0D7260086D3045C7B3E29677426103E0,Unknown,2016-04-27,"",Espanol_Grupo1_imp,0,57,2016-04-27T01:09:00.000Z,2016-04-27T01:16:26.000Z,20,2016-04-27T01:12:12.153Z,0,3,block2,mountain,2,2,rojo_imp,,grande_imp,,,,,,6161,rojo_imp,CENTER_LEFT,rojo_imp,CENTER_LEFT,1303,touch_object,1,1
0D7260086D3045C7B3E29677426103E0,Unknown,2016-04-27,"",Espanol_Grupo1_imp,0,57,2016-04-27T01:09:00.000Z,2016-04-27T01:16:26.000Z,21,2016-04-27T01:12:26.903Z,0,3,block2,mountain,3,2,tijera_imp,,bicicleta_imp,,,,,,3912,bicicleta_imp,CENTER_RIGHT,bicicleta_imp,CENTER_RIGHT,1553,touch_object,1,1
0D7260086D3045C7B3E29677426103E0,Unknown,2016-04-27,"",Espanol_Grupo1_imp,0,57,2016-04-27T01:09:00.000Z,2016-04-27T01:16:26.000Z,22,2016-04-27T01:12:39.653Z,0,3,block2,mountain,4,2,atar_imp,,pisar_imp,,,,,,5099,pisar_imp,CENTER_RIGHT,pisar_imp,CENTER_RIGHT,1570,touch_object,1,1
0D7260086D3045C7B3E29677426103E0,Unknown,2016-04-27,"",Espanol_Grupo1_imp,0,57,2016-04-27T01:09:00.000Z,2016-04-27T01:16:26.000Z,23,2016-04-27T01:12:53.605Z,0,3,block2,mountain,5,2,romper_imp,,tocar_imp,,,,,,2867,romper_imp,CENTER_LEFT,romper_imp,CENTER_LEFT,1479,touch_object,1,1
0D7260086D3045C7B3E29677426103E0,Unknown,2016-04-27,"",Espanol_Grupo1_imp,0,57,2016-04-27T01:09:00.000Z,2016-04-27T01:16:26.000Z,24,2016-04-27T01:13:05.239Z,0,3,block2,mountain,6,2,hombre_imp,,pato_imp,,,,,,318,hombre_imp,CENTER_LEFT,hombre_imp,CENTER_LEFT,1410,touch_object,1,1
0D7260086D3045C7B3E29677426103E0,Unknown,2016-04-27,"",Espanol_Grupo1_imp,0,57,2016-04-27T01:09:00.000Z,2016-04-27T01:16:26.000Z,25,2016-04-27T01:13:14.256Z,0,3,block2,mountain,7,2,grupo_imp,,medico_imp,,,,,,266,medico_imp,CENTER_RIGHT,medico_imp,CENTER_RIGHT,985,touch_object,1,1
0D7260086D3045C7B3E29677426103E0,Unknown,2016-04-27,"",Espanol_Grupo1_imp,0,57,2016-04-27T01:09:00.000Z,2016-04-27T01:16:26.000Z,26,2016-04-27T01:13:22.789Z,0,3,block2,mountain,8,2,viejo_imp,,descalzo_imp,,,,,,285,viejo_imp,CENTER_LEFT,viejo_imp,CENTER_LEFT,994,touch_object,1,1
0D7260086D3045C7B3E29677426103E0,Unknown,2016-04-27,"",Espanol_Grupo1_imp,0,57,2016-04-27T01:09:00.000Z,2016-04-27T01:16:26.000Z,27,2016-04-27T01:13:31.357Z,0,3,block2,mountain,9,2,boca_imp,,cabeza_imp,,,,,,731,cabeza_imp,CENTER_RIGHT,cabeza_imp,CENTER_RIGHT,932,touch_object,1,1
0D7260086D3045C7B3E29677426103E0,Unknown,2016-04-27,"",Espanol_Grupo1_imp,0,57,2016-04-27T01:09:00.000Z,2016-04-27T01:16:26.000Z,28,2016-04-27T01:13:40.324Z,0,3,block2,mountain,10,2,gorro_imp,,camion_imp,,,,,,61,gorro_imp,CENTER_LEFT,gorro_imp,CENTER_LEFT,1460,touch_object,1,1
0D7260086D3045C7B3E29677426103E0,Unknown,2016-04-27,"",Espanol_Grupo1_imp,0,57,2016-04-27T01:09:00.000Z,2016-04-27T01:16:26.000Z,29,2016-04-27T01:13:49.158Z,0,3,block2,mountain,11,2,rota_imp,,pesada_imp,,,,,,27,rota_imp,CENTER_LEFT,rota_imp,CENTER_LEFT,1972,touch_object,1,1
0D7260086D3045C7B3E29677426103E0,Unknown,2016-04-27,"",Espanol_Grupo1_imp,0,57,2016-04-27T01:09:00.000Z,2016-04-27T01:16:26.000Z,30,2016-04-27T01:13:58.458Z,0,3,block2,mountain,12,2,sucia_imp,,limpia_imp,,,,,,90,limpia_imp,CENTER_RIGHT,limpia_imp,CENTER_RIGHT,1874,touch_object,1,1
0D7260086D3045C7B3E29677426103E0,Unknown,2016-04-27,"",Espanol_Grupo1_imp,0,57,2016-04-27T01:09:00.000Z,2016-04-27T01:16:26.000Z,31,2016-04-27T01:14:07.726Z,0,3,block2,mountain,13,2,canilla_imp,,vela_imp,,,,,,460,canilla_imp,CENTER_LEFT,canilla_imp,CENTER_LEFT,1505,touch_object,1,1
0D7260086D3045C7B3E29677426103E0,Unknown,2016-04-27,"",Espanol_Grupo1_imp,0,57,2016-04-27T01:09:00.000Z,2016-04-27T01:16:26.000Z,32,2016-04-27T01:14:16.993Z,0,3,block2,mountain,14,2,lapiz_imp,,pantalon_imp,,,,,,459,lapiz_imp,CENTER_LEFT,lapiz_imp,CENTER_LEFT,1398,touch_object,1,1
0D7260086D3045C7B3E29677426103E0,Unknown,2016-04-27,"",Espanol_Grupo1_imp,0,57,2016-04-27T01:09:00.000Z,2016-04-27T01:16:26.000Z,33,2016-04-27T01:14:27.272Z,0,4,block3,desert,1,2,mueble_imp,,bolso_imp,,,,,,408,bolso_imp,CENTER_RIGHT,bolso_imp,CENTER_RIGHT,1084,touch_object,1,1
0D7260086D3045C7B3E29677426103E0,Unknown,2016-04-27,"",Espanol_Grupo1_imp,0,57,2016-04-27T01:09:00.000Z,2016-04-27T01:16:26.000Z,34,2016-04-27T01:14:36.143Z,0,4,block3,desert,2,2,muneca_imp,,mochila_imp,,,,,,30,mochila_imp,CENTER_RIGHT,mochila_imp,CENTER_RIGHT,1121,touch_object,1,1
0D7260086D3045C7B3E29677426103E0,Unknown,2016-04-27,"",Espanol_Grupo1_imp,0,57,2016-04-27T01:09:00.000Z,2016-04-27T01:16:26.000Z,35,2016-04-27T01:14:44.628Z,0,4,block3,desert,3,2,perro_imp,,nene_imp,,,,,,11,perro_imp,CENTER_LEFT,perro_imp,CENTER_LEFT,998,touch_object,1,1
0D7260086D3045C7B3E29677426103E0,Unknown,2016-04-27,"",Espanol_Grupo1_imp,0,57,2016-04-27T01:09:00.000Z,2016-04-27T01:16:26.000Z,36,2016-04-27T01:14:52.928Z,0,4,block3,desert,4,2,patear_imp,,arrancar_imp,,,,,,911,arrancar_imp,CENTER_RIGHT,arrancar_imp,CENTER_RIGHT,1557,touch_object,1,1
0D7260086D3045C7B3E29677426103E0,Unknown,2016-04-27,"",Espanol_Grupo1_imp,0,57,2016-04-27T01:09:00.000Z,2016-04-27T01:16:26.000Z,37,2016-04-27T01:15:02.728Z,0,4,block3,desert,5,2,llorar_imp,,saltar_imp,,,,,,67,saltar_imp,CENTER_RIGHT,saltar_imp,CENTER_RIGHT,1034,touch_object,1,1
0D7260086D3045C7B3E29677426103E0,Unknown,2016-04-27,"",Espanol_Grupo1_imp,0,57,2016-04-27T01:09:00.000Z,2016-04-27T01:16:26.000Z,38,2016-04-27T01:15:11.112Z,0,4,block3,desert,6,2,triste_imp,,contento_imp,,,,,,95,triste_imp,CENTER_LEFT,triste_imp,CENTER_LEFT,1103,touch_object,1,1
0D7260086D3045C7B3E29677426103E0,Unknown,2016-04-27,"",Espanol_Grupo1_imp,0,57,2016-04-27T01:09:00.000Z,2016-04-27T01:16:26.000Z,39,2016-04-27T01:15:19.613Z,0,4,block3,desert,7,2,lampara_imp,,empanada_imp,,,,,,90,lampara_imp,CENTER_LEFT,lampara_imp,CENTER_LEFT,1473,touch_object,1,1
0D7260086D3045C7B3E29677426103E0,Unknown,2016-04-27,"",Espanol_Grupo1_imp,0,57,2016-04-27T01:09:00.000Z,2016-04-27T01:16:26.000Z,40,2016-04-27T01:15:28.481Z,0,4,block3,desert,8,2,jugar_imp,,dormir_imp,,,,,,359,dormir_imp,CENTER_RIGHT,dormir_imp,CENTER_RIGHT,1068,touch_object,1,1
0D7260086D3045C7B3E29677426103E0,Unknown,2016-04-27,"",Espanol_Grupo1_imp,0,57,2016-04-27T01:09:00.000Z,2016-04-27T01:16:26.000Z,41,2016-04-27T01:15:37.197Z,0,4,block3,desert,9,2,barco_imp,,tren_imp,,,,,,297,barco_imp,CENTER_LEFT,barco_imp,CENTER_LEFT,3677,touch_object,1,1
0D7260086D3045C7B3E29677426103E0,Unknown,2016-04-27,"",Espanol_Grupo1_imp,0,57,2016-04-27T01:09:00.000Z,2016-04-27T01:16:26.000Z,42,2016-04-27T01:15:48.465Z,0,4,block3,desert,10,2,atrapar_imp,,soplar_imp,,,,,,87,atrapar_imp,CENTER_LEFT,atrapar_imp,CENTER_LEFT,1909,touch_object,1,1
0D7260086D3045C7B3E29677426103E0,Unknown,2016-04-27,"",Espanol_Grupo1_imp,0,57,2016-04-27T01:09:00.000Z,2016-04-27T01:16:26.000Z,43,2016-04-27T01:15:57.748Z,0,4,block3,desert,11,2,mosquito_imp,,loro_imp,,,,,,134,loro_imp,CENTER_RIGHT,loro_imp,CENTER_RIGHT,1124,touch_object,1,1
0D7260086D3045C7B3E29677426103E0,Unknown,2016-04-27,"",Espanol_Grupo1_imp,0,57,2016-04-27T01:09:00.000Z,2016-04-27T01:16:26.000Z,44,2016-04-27T01:16:06.299Z,0,4,block3,desert,12,2,zapatillas_imp,,camas_imp,,,,,,285,zapatillas_imp,CENTER_LEFT,zapatillas_imp,CENTER_LEFT,1193,touch_object,1,1
0D7260086D3045C7B3E29677426103E0,Unknown,2016-04-27,"",Espanol_Grupo1_imp,0,57,2016-04-27T01:09:00.000Z,2016-04-27T01:16:26.000Z,45,2016-04-27T01:16:15.066Z,0,4,block3,desert,13,2,peinar_imp,,reir_imp,,,,,,369,reir_imp,CENTER_RIGHT,reir_imp,CENTER_RIGHT,1277,touch_object,1,1
