uuid,device,date,config_scenario,config_profile,subject_id,session_number,session_started_at,session_ended_at,trial_number_session,trial_started_at,repetition,level_number,level_name,level_background,stage_number,objects_count,object1_name,object1_touch_diff_time,object2_name,object2_touch_diff_time,object3_name,object3_touch_diff_time,object4_name,object4_touch_diff_time,mandy_touch_diff_time,object_asked,object_asked_position,object_touched,object_touched_position,object_touched_at,stage_end,correct,feedback
D1A25AE32C374AD78F2870B6F4E63333,Unknown,2016-04-27,"",Espanol_Grupo1_imp,999,68,2016-04-27T18:08:50.000Z,2016-04-27T18:17:23.000Z,1,2016-04-27T18:08:51.778Z,0,1,entrenamiento,countryside,1,2,nariz_imp,,oreja_imp,,,,,,151,nariz_imp,CENTER_LEFT,nariz_imp,CENTER_LEFT,2772,touch_object,1,1
D1A25AE32C374AD78F2870B6F4E63333,Unknown,2016-04-27,"",Espanol_Grupo1_imp,999,68,2016-04-27T18:08:50.000Z,2016-04-27T18:17:23.000Z,2,2016-04-27T18:09:02.418Z,0,1,entrenamiento,countryside,2,2,amarillo_imp,,verde_imp,,,,,,25,verde_imp,CENTER_RIGHT,verde_imp,CENTER_RIGHT,2381,touch_object,1,1
D1A25AE32C374AD78F2870B6F4E63333,Unknown,2016-04-27,"",Espanol_Grupo1_imp,999,68,2016-04-27T18:08:50.000Z,2016-04-27T18:17:23.000Z,3,2016-04-27T18:09:12.129Z,0,1,entrenamiento,countryside,3,2,sonreir_imp,,correr_imp,,,,,,13,sonreir_imp,CENTER_LEFT,sonreir_imp,CENTER_LEFT,1468,touch_object,1,1
D1A25AE32C374AD78F2870B6F4E63333,Unknown,2016-04-27,"",Espanol_Grupo1_imp,999,68,2016-04-27T18:08:50.000Z,2016-04-27T18:17:23.000Z,4,2016-04-27T18:09:20.913Z,0,1,entrenamiento,countryside,4,2,abrir_imp,,tirar_imp,,,,,,35,tirar_imp,CENTER_RIGHT,tirar_imp,CENTER_RIGHT,1965,touch_object,1,1
D1A25AE32C374AD78F2870B6F4E63333,Unknown,2016-04-27,"",Espanol_Grupo1_imp,999,68,2016-04-27T18:08:50.000Z,2016-04-27T18:17:23.000Z,5,2016-04-27T18:09:32.875Z,0,2,block1,beach,1,2,boton_imp,,pez_imp,,,,,,67,pez_imp,CENTER_RIGHT,pez_imp,CENTER_RIGHT,1352,touch_object,1,1
D1A25AE32C374AD78F2870B6F4E63333,Unknown,2016-04-27,"",Espanol_Grupo1_imp,999,68,2016-04-27T18:08:50.000Z,2016-04-27T18:17:23.000Z,6,2016-04-27T18:09:41.664Z,0,2,block1,beach,2,2,barrer_imp,,clavar_imp,,,,,,106,clavar_imp,CENTER_RIGHT,clavar_imp,CENTER_RIGHT,1535,touch_object,1,1
D1A25AE32C374AD78F2870B6F4E63333,Unknown,2016-04-27,"",Espanol_Grupo1_imp,999,68,2016-04-27T18:08:50.000Z,2016-04-27T18:17:23.000Z,7,2016-04-27T18:09:50.632Z,0,2,block1,beach,3,2,lavar_imp,,comer_imp,,,,,,1232,lavar_imp,CENTER_LEFT,comer_imp,CENTER_RIGHT,2496,touch_object,0,1
D1A25AE32C374AD78F2870B6F4E63333,Unknown,2016-04-27,"",Espanol_Grupo1_imp,999,68,2016-04-27T18:08:50.000Z,2016-04-27T18:17:23.000Z,8,2016-04-27T18:10:01.649Z,0,2,block1,beach,4,2,pescar_imp,,nadar_imp,,,,,,91,pescar_imp,CENTER_LEFT,pescar_imp,CENTER_LEFT,10480,touch_object,1,1
D1A25AE32C374AD78F2870B6F4E63333,Unknown,2016-04-27,"",Espanol_Grupo1_imp,999,68,2016-04-27T18:08:50.000Z,2016-04-27T18:17:23.000Z,9,2016-04-27T18:10:19.533Z,0,2,block1,beach,5,2,tortuga_imp,,mariposa_imp,,,,,,3305,mariposa_imp,CENTER_RIGHT,mariposa_imp,CENTER_RIGHT,1471,touch_object,1,1
D1A25AE32C374AD78F2870B6F4E63333,Unknown,2016-04-27,"",Espanol_Grupo1_imp,999,68,2016-04-27T18:08:50.000Z,2016-04-27T18:17:23.000Z,10,2016-04-27T18:10:31.617Z,0,2,block1,beach,6,2,oscuro_imp,,redondo_imp,,,,,,329,oscuro_imp,CENTER_LEFT,redondo_imp,CENTER_RIGHT,2210,touch_object,0,1
D1A25AE32C374AD78F2870B6F4E63333,Unknown,2016-04-27,"",Espanol_Grupo1_imp,999,68,2016-04-27T18:08:50.000Z,2016-04-27T18:17:23.000Z,11,2016-04-27T18:10:41.434Z,0,2,block1,beach,7,2,pinguino_imp,,canguro_imp,,,,,,263,canguro_imp,CENTER_RIGHT,pinguino_imp,CENTER_LEFT,1496,touch_object,0,1
D1A25AE32C374AD78F2870B6F4E63333,Unknown,2016-04-27,"",Espanol_Grupo1_imp,999,68,2016-04-27T18:08:50.000Z,2016-04-27T18:17:23.000Z,12,2016-04-27T18:10:50.468Z,0,2,block1,beach,8,2,lleno_imp,,alto_imp,,,,,,101,alto_imp,CENTER_RIGHT,alto_imp,CENTER_RIGHT,1507,touch_object,1,1
D1A25AE32C374AD78F2870B6F4E63333,Unknown,2016-04-27,"",Espanol_Grupo1_imp,999,68,2016-04-27T18:08:50.000Z,2016-04-27T18:17:23.000Z,13,2016-04-27T18:10:59.385Z,0,2,block1,beach,9,2,inflar_imp,,atajar_imp,,,,,,153,inflar_imp,CENTER_LEFT,inflar_imp,CENTER_LEFT,2922,touch_object,1,1
D1A25AE32C374AD78F2870B6F4E63333,Unknown,2016-04-27,"",Espanol_Grupo1_imp,999,68,2016-04-27T18:08:50.000Z,2016-04-27T18:17:23.000Z,14,2016-04-27T18:11:09.786Z,0,2,block1,beach,10,2,colectivo_imp,,avion_imp,,,,,,25,avion_imp,CENTER_RIGHT,avion_imp,CENTER_RIGHT,1083,touch_object,1,1
D1A25AE32C374AD78F2870B6F4E63333,Unknown,2016-04-27,"",Espanol_Grupo1_imp,999,68,2016-04-27T18:08:50.000Z,2016-04-27T18:17:23.000Z,15,2016-04-27T18:11:18.186Z,0,2,block1,beach,11,2,caballo_imp,,gato_imp,,,,,,490,caballo_imp,CENTER_LEFT,caballo_imp,CENTER_LEFT,1181,touch_object,1,1
D1A25AE32C374AD78F2870B6F4E63333,Unknown,2016-04-27,"",Espanol_Grupo1_imp,999,68,2016-04-27T18:08:50.000Z,2016-04-27T18:17:23.000Z,16,2016-04-27T18:11:27.169Z,0,2,block1,beach,12,2,peludo_imp,,rayado_imp,,,,,,194,peludo_imp,CENTER_LEFT,rayado_imp,CENTER_RIGHT,1598,touch_object,0,1
D1A25AE32C374AD78F2870B6F4E63333,Unknown,2016-04-27,"",Espanol_Grupo1_imp,999,68,2016-04-27T18:08:50.000Z,2016-04-27T18:17:23.000Z,17,2016-04-27T18:11:36.239Z,0,2,block1,beach,13,2,helicoptero_imp,,accidente_imp,,,,,,640,accidente_imp,CENTER_RIGHT,accidente_imp,CENTER_RIGHT,16562,touch_object,1,1
D1A25AE32C374AD78F2870B6F4E63333,Unknown,2016-04-27,"",Espanol_Grupo1_imp,999,68,2016-04-27T18:08:50.000Z,2016-04-27T18:17:23.000Z,18,2016-04-27T18:12:00.738Z,0,2,block1,beach,14,2,casa_imp,,comida_imp,,,,,,495,comida_imp,CENTER_RIGHT,casa_imp,CENTER_LEFT,4780,touch_object,0,1
D1A25AE32C374AD78F2870B6F4E63333,Unknown,2016-04-27,"",Espanol_Grupo1_imp,999,68,2016-04-27T18:08:50.000Z,2016-04-27T18:17:23.000Z,19,2016-04-27T18:12:15.664Z,0,3,block2,mountain,1,2,rio_imp,,bosque_imp,,,,,,12,rio_imp,CENTER_LEFT,rio_imp,CENTER_LEFT,1751,touch_object,1,1
D1A25AE32C374AD78F2870B6F4E63333,Unknown,2016-04-27,"",Espanol_Grupo1_imp,999,68,2016-04-27T18:08:50.000Z,2016-04-27T18:17:23.000Z,20,2016-04-27T18:12:24.773Z,0,3,block2,mountain,2,2,rojo_imp,,grande_imp,,,,,,53,rojo_imp,CENTER_LEFT,rojo_imp,CENTER_LEFT,1983,touch_object,1,1
D1A25AE32C374AD78F2870B6F4E63333,Unknown,2016-04-27,"",Espanol_Grupo1_imp,999,68,2016-04-27T18:08:50.000Z,2016-04-27T18:17:23.000Z,21,2016-04-27T18:12:34.090Z,0,3,block2,mountain,3,2,tijera_imp,,bicicleta_imp,,,,,,50,bicicleta_imp,CENTER_RIGHT,bicicleta_imp,CENTER_RIGHT,1492,touch_object,1,1
D1A25AE32C374AD78F2870B6F4E63333,Unknown,2016-04-27,"",Espanol_Grupo1_imp,999,68,2016-04-27T18:08:50.000Z,2016-04-27T18:17:23.000Z,22,2016-04-27T18:12:42.924Z,0,3,block2,mountain,4,2,atar_imp,,pisar_imp,,,,,,164,pisar_imp,CENTER_RIGHT,pisar_imp,CENTER_RIGHT,2073,touch_object,1,1
D1A25AE32C374AD78F2870B6F4E63333,Unknown,2016-04-27,"",Espanol_Grupo1_imp,999,68,2016-04-27T18:08:50.000Z,2016-04-27T18:17:23.000Z,23,2016-04-27T18:12:52.458Z,0,3,block2,mountain,5,2,romper_imp,,tocar_imp,,,,,,122,romper_imp,CENTER_LEFT,romper_imp,CENTER_LEFT,1957,touch_object,1,1
D1A25AE32C374AD78F2870B6F4E63333,Unknown,2016-04-27,"",Espanol_Grupo1_imp,999,68,2016-04-27T18:08:50.000Z,2016-04-27T18:17:23.000Z,24,2016-04-27T18:13:01.841Z,0,3,block2,mountain,6,2,hombre_imp,,pato_imp,,,,,,25,hombre_imp,CENTER_LEFT,pato_imp,CENTER_RIGHT,1326,touch_object,0,1
D1A25AE32C374AD78F2870B6F4E63333,Unknown,2016-04-27,"",Espanol_Grupo1_imp,999,68,2016-04-27T18:08:50.000Z,2016-04-27T18:17:23.000Z,25,2016-04-27T18:13:10.476Z,0,3,block2,mountain,7,2,grupo_imp,,medico_imp,,,,,,51,medico_imp,CENTER_RIGHT,medico_imp,CENTER_RIGHT,3726,touch_object,1,1
D1A25AE32C374AD78F2870B6F4E63333,Unknown,2016-04-27,"",Espanol_Grupo1_imp,999,68,2016-04-27T18:08:50.000Z,2016-04-27T18:17:23.000Z,26,2016-04-27T18:13:21.543Z,0,3,block2,mountain,8,2,viejo_imp,,descalzo_imp,,,,,,148,viejo_imp,CENTER_LEFT,viejo_imp,CENTER_LEFT,1463,touch_object,1,1
D1A25AE32C374AD78F2870B6F4E63333,Unknown,2016-04-27,"",Espanol_Grupo1_imp,999,68,2016-04-27T18:08:50.000Z,2016-04-27T18:17:23.000Z,27,2016-04-27T18:13:30.460Z,0,3,block2,mountain,9,2,boca_imp,,cabeza_imp,,,,,,70,cabeza_imp,CENTER_RIGHT,cabeza_imp,CENTER_RIGHT,1162,touch_object,1,1
D1A25AE32C374AD78F2870B6F4E63333,Unknown,2016-04-27,"",Espanol_Grupo1_imp,999,68,2016-04-27T18:08:50.000Z,2016-04-27T18:17:23.000Z,28,2016-04-27T18:13:38.993Z,0,3,block2,mountain,10,2,gorro_imp,,camion_imp,,,,,,135,gorro_imp,CENTER_LEFT,camion_imp,CENTER_RIGHT,10208,touch_object,0,1
D1A25AE32C374AD78F2870B6F4E63333,Unknown,2016-04-27,"",Espanol_Grupo1_imp,999,68,2016-04-27T18:08:50.000Z,2016-04-27T18:17:23.000Z,29,2016-04-27T18:13:56.628Z,0,3,block2,mountain,11,2,rota_imp,,pesada_imp,,,,,,286,rota_imp,CENTER_LEFT,rota_imp,CENTER_LEFT,1936,touch_object,1,1
D1A25AE32C374AD78F2870B6F4E63333,Unknown,2016-04-27,"",Espanol_Grupo1_imp,999,68,2016-04-27T18:08:50.000Z,2016-04-27T18:17:23.000Z,30,2016-04-27T18:14:06.129Z,0,3,block2,mountain,12,2,sucia_imp,,limpia_imp,,,,,,408,limpia_imp,CENTER_RIGHT,sucia_imp,CENTER_LEFT,1957,touch_object,0,1
D1A25AE32C374AD78F2870B6F4E63333,Unknown,2016-04-27,"",Espanol_Grupo1_imp,999,68,2016-04-27T18:08:50.000Z,2016-04-27T18:17:23.000Z,31,2016-04-27T18:14:15.779Z,0,3,block2,mountain,13,2,canilla_imp,,vela_imp,,,,,,15,canilla_imp,CENTER_LEFT,canilla_imp,CENTER_LEFT,1926,touch_object,1,1
D1A25AE32C374AD78F2870B6F4E63333,Unknown,2016-04-27,"",Espanol_Grupo1_imp,999,68,2016-04-27T18:08:50.000Z,2016-04-27T18:17:23.000Z,32,2016-04-27T18:14:25.029Z,0,3,block2,mountain,14,2,lapiz_imp,,pantalon_imp,,,,,,88,lapiz_imp,CENTER_LEFT,lapiz_imp,CENTER_LEFT,1592,touch_object,1,1
D1A25AE32C374AD78F2870B6F4E63333,Unknown,2016-04-27,"",Espanol_Grupo1_imp,999,68,2016-04-27T18:08:50.000Z,2016-04-27T18:17:23.000Z,33,2016-04-27T18:14:40.862Z,0,4,block3,desert,1,2,mueble_imp,,bolso_imp,,,,,,69,bolso_imp,CENTER_RIGHT,bolso_imp,CENTER_RIGHT,1647,touch_object,1,1
D1A25AE32C374AD78F2870B6F4E63333,Unknown,2016-04-27,"",Espanol_Grupo1_imp,999,68,2016-04-27T18:08:50.000Z,2016-04-27T18:17:23.000Z,34,2016-04-27T18:14:49.931Z,0,4,block3,desert,2,2,muneca_imp,,mochila_imp,,,,,,633,mochila_imp,CENTER_RIGHT,mochila_imp,CENTER_RIGHT,2376,touch_object,1,1
D1A25AE32C374AD78F2870B6F4E63333,Unknown,2016-04-27,"",Espanol_Grupo1_imp,999,68,2016-04-27T18:08:50.000Z,2016-04-27T18:17:23.000Z,35,2016-04-27T18:15:00.215Z,0,4,block3,desert,3,2,perro_imp,,nene_imp,,,,,,143,perro_imp,CENTER_LEFT,perro_imp,CENTER_LEFT,1557,touch_object,1,1
D1A25AE32C374AD78F2870B6F4E63333,Unknown,2016-04-27,"",Espanol_Grupo1_imp,999,68,2016-04-27T18:08:50.000Z,2016-04-27T18:17:23.000Z,36,2016-04-27T18:15:09.216Z,0,4,block3,desert,4,2,patear_imp,,arrancar_imp,,,,,,168,arrancar_imp,CENTER_RIGHT,patear_imp,CENTER_LEFT,3189,touch_object,0,1
D1A25AE32C374AD78F2870B6F4E63333,Unknown,2016-04-27,"",Espanol_Grupo1_imp,999,68,2016-04-27T18:08:50.000Z,2016-04-27T18:17:23.000Z,37,2016-04-27T18:15:19.833Z,0,4,block3,desert,5,2,llorar_imp,,saltar_imp,,,,,,35,saltar_imp,CENTER_RIGHT,saltar_imp,CENTER_RIGHT,2792,touch_object,1,1
D1A25AE32C374AD78F2870B6F4E63333,Unknown,2016-04-27,"",Espanol_Grupo1_imp,999,68,2016-04-27T18:08:50.000Z,2016-04-27T18:17:23.000Z,38,2016-04-27T18:15:29.966Z,0,4,block3,desert,6,2,triste_imp,,contento_imp,,,,,,726,triste_imp,CENTER_LEFT,triste_imp,CENTER_LEFT,2319,touch_object,1,1
D1A25AE32C374AD78F2870B6F4E63333,Unknown,2016-04-27,"",Espanol_Grupo1_imp,999,68,2016-04-27T18:08:50.000Z,2016-04-27T18:17:23.000Z,39,2016-04-27T18:15:40.315Z,0,4,block3,desert,7,2,lampara_imp,,empanada_imp,,,,,,51,lampara_imp,CENTER_LEFT,lampara_imp,CENTER_LEFT,1784,touch_object,1,1
D1A25AE32C374AD78F2870B6F4E63333,Unknown,2016-04-27,"",Espanol_Grupo1_imp,999,68,2016-04-27T18:08:50.000Z,2016-04-27T18:17:23.000Z,40,2016-04-27T18:15:49.434Z,0,4,block3,desert,8,2,jugar_imp,,dormir_imp,,,,,,71,dormir_imp,CENTER_RIGHT,dormir_imp,CENTER_RIGHT,2761,touch_object,1,1
D1A25AE32C374AD78F2870B6F4E63333,Unknown,2016-04-27,"",Espanol_Grupo1_imp,999,68,2016-04-27T18:08:50.000Z,2016-04-27T18:17:23.000Z,41,2016-04-27T18:15:59.585Z,0,4,block3,desert,9,2,barco_imp,,tren_imp,,,,,,116,barco_imp,CENTER_LEFT,barco_imp,CENTER_LEFT,2221,touch_object,1,1
D1A25AE32C374AD78F2870B6F4E63333,Unknown,2016-04-27,"",Espanol_Grupo1_imp,999,68,2016-04-27T18:08:50.000Z,2016-04-27T18:17:23.000Z,42,2016-04-27T18:16:09.202Z,0,4,block3,desert,10,2,atrapar_imp,,soplar_imp,,,,,,56,atrapar_imp,CENTER_LEFT,atrapar_imp,CENTER_LEFT,35009,touch_object,1,1
D1A25AE32C374AD78F2870B6F4E63333,Unknown,2016-04-27,"",Espanol_Grupo1_imp,999,68,2016-04-27T18:08:50.000Z,2016-04-27T18:17:23.000Z,43,2016-04-27T18:16:51.605Z,0,4,block3,desert,11,2,mosquito_imp,,loro_imp,,,,,,237,loro_imp,CENTER_RIGHT,loro_imp,CENTER_RIGHT,1472,touch_object,1,1
D1A25AE32C374AD78F2870B6F4E63333,Unknown,2016-04-27,"",Espanol_Grupo1_imp,999,68,2016-04-27T18:08:50.000Z,2016-04-27T18:17:23.000Z,44,2016-04-27T18:17:00.605Z,0,4,block3,desert,12,2,zapatillas_imp,,camas_imp,,,,,,523,zapatillas_imp,CENTER_LEFT,zapatillas_imp,CENTER_LEFT,1529,touch_object,1,1
D1A25AE32C374AD78F2870B6F4E63333,Unknown,2016-04-27,"",Espanol_Grupo1_imp,999,68,2016-04-27T18:08:50.000Z,2016-04-27T18:17:23.000Z,45,2016-04-27T18:17:09.955Z,0,4,block3,desert,13,2,peinar_imp,,reir_imp,,,,,,84,reir_imp,CENTER_RIGHT,reir_imp,CENTER_RIGHT,1669,touch_object,1,1
