uuid,device,date,config_scenario,config_profile,subject_id,session_number,session_started_at,session_ended_at,trial_number_session,trial_started_at,repetition,level_number,level_name,level_background,stage_number,objects_count,object1_name,object1_touch_diff_time,object2_name,object2_touch_diff_time,object3_name,object3_touch_diff_time,object4_name,object4_touch_diff_time,mandy_touch_diff_time,object_asked,object_asked_position,object_touched,object_touched_position,object_touched_at,stage_end,correct,feedback
2A8F0E1A7B1F48E9BC6CE43D1B2185D3,Unknown,2016-04-27,"",Espanol_Grupo1_imp,999,64,2016-04-27T04:10:47.000Z,,1,2016-04-27T04:10:48.539Z,0,1,entrenamiento,countryside,1,2,nariz_imp,,oreja_imp,,,,,,4237,nariz_imp,CENTER_LEFT,nariz_imp,CENTER_LEFT,14264,touch_object,1,1
2A8F0E1A7B1F48E9BC6CE43D1B2185D3,Unknown,2016-04-27,"",Espanol_Grupo1_imp,999,64,2016-04-27T04:10:47.000Z,,2,2016-04-27T04:11:14.793Z,0,1,entrenamiento,countryside,2,2,amarillo_imp,,verde_imp,,,,,,2427,verde_imp,CENTER_RIGHT,verde_imp,CENTER_RIGHT,5839,touch_object,1,1
2A8F0E1A7B1F48E9BC6CE43D1B2185D3,Unknown,2016-04-27,"",Espanol_Grupo1_imp,999,64,2016-04-27T04:10:47.000Z,,3,2016-04-27T04:11:30.353Z,0,1,entrenamiento,countryside,3,2,sonreir_imp,,correr_imp,,,,,,7582,sonreir_imp,CENTER_LEFT,sonreir_imp,CENTER_LEFT,2479,touch_object,1,1
2A8F0E1A7B1F48E9BC6CE43D1B2185D3,Unknown,2016-04-27,"",Espanol_Grupo1_imp,999,64,2016-04-27T04:10:47.000Z,,4,2016-04-27T04:11:47.706Z,1,1,entrenamiento,countryside,4,2,abrir_imp,,tirar_imp,,,,,,2188,tirar_imp,CENTER_RIGHT,abrir_imp,CENTER_LEFT,2330,touch_object,0,1
2A8F0E1A7B1F48E9BC6CE43D1B2185D3,Unknown,2016-04-27,"",Espanol_Grupo1_imp,999,64,2016-04-27T04:10:47.000Z,,5,2016-04-27T04:11:59.490Z,1,1,entrenamiento,countryside,4,2,abrir_imp,,tirar_imp,,,,,,811,tirar_imp,CENTER_RIGHT,abrir_imp,CENTER_LEFT,1067,touch_object,0,1
2A8F0E1A7B1F48E9BC6CE43D1B2185D3,Unknown,2016-04-27,"",Espanol_Grupo1_imp,999,64,2016-04-27T04:10:47.000Z,,6,2016-04-27T04:12:08.639Z,1,1,entrenamiento,countryside,4,2,abrir_imp,,tirar_imp,,,,,,1380,tirar_imp,CENTER_RIGHT,abrir_imp,CENTER_LEFT,1644,touch_object,0,1
2A8F0E1A7B1F48E9BC6CE43D1B2185D3,Unknown,2016-04-27,"",Espanol_Grupo1_imp,999,64,2016-04-27T04:10:47.000Z,,7,2016-04-27T04:12:18.923Z,0,1,entrenamiento,countryside,4,2,abrir_imp,,tirar_imp,,,,,,1242,tirar_imp,CENTER_RIGHT,tirar_imp,CENTER_RIGHT,2106,touch_object,1,1
2A8F0E1A7B1F48E9BC6CE43D1B2185D3,Unknown,2016-04-27,"",Espanol_Grupo1_imp,999,64,2016-04-27T04:10:47.000Z,,8,2016-04-27T04:12:32.069Z,0,2,block1,beach,1,2,boton_imp,,pez_imp,,,,,,1512,pez_imp,CENTER_RIGHT,pez_imp,CENTER_RIGHT,9318,touch_object,1,1
2A8F0E1A7B1F48E9BC6CE43D1B2185D3,Unknown,2016-04-27,"",Espanol_Grupo1_imp,999,64,2016-04-27T04:10:47.000Z,,9,2016-04-27T04:12:50.258Z,0,2,block1,beach,2,2,barrer_imp,,clavar_imp,,,,,,911,clavar_imp,CENTER_RIGHT,clavar_imp,CENTER_RIGHT,2485,touch_object,1,1
2A8F0E1A7B1F48E9BC6CE43D1B2185D3,Unknown,2016-04-27,"",Espanol_Grupo1_imp,999,64,2016-04-27T04:10:47.000Z,,10,2016-04-27T04:13:00.959Z,0,2,block1,beach,3,2,lavar_imp,,comer_imp,,,,,,108,lavar_imp,CENTER_LEFT,comer_imp,CENTER_RIGHT,1501,touch_object,0,1
2A8F0E1A7B1F48E9BC6CE43D1B2185D3,Unknown,2016-04-27,"",Espanol_Grupo1_imp,999,64,2016-04-27T04:10:47.000Z,,11,2016-04-27T04:13:09.859Z,0,2,block1,beach,4,2,pescar_imp,,nadar_imp,,,,,,1677,pescar_imp,CENTER_LEFT,pescar_imp,CENTER_LEFT,9941,touch_object,1,1
2A8F0E1A7B1F48E9BC6CE43D1B2185D3,Unknown,2016-04-27,"",Espanol_Grupo1_imp,999,64,2016-04-27T04:10:47.000Z,,12,2016-04-27T04:13:28.777Z,0,2,block1,beach,5,2,tortuga_imp,,mariposa_imp,,,,,,1154,mariposa_imp,CENTER_RIGHT,tortuga_imp,CENTER_LEFT,23081,touch_object,0,1
2A8F0E1A7B1F48E9BC6CE43D1B2185D3,Unknown,2016-04-27,"",Espanol_Grupo1_imp,999,64,2016-04-27T04:10:47.000Z,,13,2016-04-27T04:14:00.296Z,0,2,block1,beach,6,2,oscuro_imp,,redondo_imp,,,,,,517,oscuro_imp,CENTER_LEFT,oscuro_imp,CENTER_LEFT,3106,touch_object,1,1
