uuid,device,date,config_scenario,config_profile,subject_id,session_number,session_started_at,session_ended_at,trial_number_session,trial_started_at,repetition,level_number,level_name,level_background,stage_number,objects_count,object1_name,object1_touch_diff_time,object2_name,object2_touch_diff_time,object3_name,object3_touch_diff_time,object4_name,object4_touch_diff_time,mandy_touch_diff_time,object_asked,object_asked_position,object_touched,object_touched_position,object_touched_at,stage_end,correct,feedback
96691293EE23402D8519AEA122722526,Unknown,2016-04-27,"",Espanol_Grupo1_preg,999,69,2016-04-27T18:19:12.000Z,2016-04-27T18:28:32.000Z,1,2016-04-27T18:19:13.233Z,0,1,entrenamiento,countryside,1,2,nariz_preg,,oreja_preg,,,,,,127,nariz_preg,CENTER_LEFT,nariz_preg,CENTER_LEFT,10473,touch_object,1,1
96691293EE23402D8519AEA122722526,Unknown,2016-04-27,"",Espanol_Grupo1_preg,999,69,2016-04-27T18:19:12.000Z,2016-04-27T18:28:32.000Z,2,2016-04-27T18:19:31.414Z,0,1,entrenamiento,countryside,2,2,amarillo_preg,,verde_preg,,,,,,46,verde_preg,CENTER_RIGHT,verde_preg,CENTER_RIGHT,1147,touch_object,1,1
96691293EE23402D8519AEA122722526,Unknown,2016-04-27,"",Espanol_Grupo1_preg,999,69,2016-04-27T18:19:12.000Z,2016-04-27T18:28:32.000Z,3,2016-04-27T18:19:39.897Z,1,1,entrenamiento,countryside,3,2,sonreir_preg,,correr_preg,,,,,,55,sonreir_preg,CENTER_LEFT,correr_preg,CENTER_RIGHT,2567,touch_object,0,1
96691293EE23402D8519AEA122722526,Unknown,2016-04-27,"",Espanol_Grupo1_preg,999,69,2016-04-27T18:19:12.000Z,2016-04-27T18:28:32.000Z,4,2016-04-27T18:19:49.798Z,0,1,entrenamiento,countryside,3,2,sonreir_preg,,correr_preg,,,,,,132,sonreir_preg,CENTER_LEFT,sonreir_preg,CENTER_LEFT,30977,touch_object,1,1
96691293EE23402D8519AEA122722526,Unknown,2016-04-27,"",Espanol_Grupo1_preg,999,69,2016-04-27T18:19:12.000Z,2016-04-27T18:28:32.000Z,5,2016-04-27T18:20:28.183Z,1,1,entrenamiento,countryside,4,2,abrir_preg,,tirar_preg,,,,,,409,tirar_preg,CENTER_RIGHT,abrir_preg,CENTER_LEFT,2572,touch_object,0,1
96691293EE23402D8519AEA122722526,Unknown,2016-04-27,"",Espanol_Grupo1_preg,999,69,2016-04-27T18:19:12.000Z,2016-04-27T18:28:32.000Z,6,2016-04-27T18:20:38.434Z,0,1,entrenamiento,countryside,4,2,abrir_preg,,tirar_preg,,,,,,115,tirar_preg,CENTER_RIGHT,tirar_preg,CENTER_RIGHT,2172,touch_object,1,1
96691293EE23402D8519AEA122722526,Unknown,2016-04-27,"",Espanol_Grupo1_preg,999,69,2016-04-27T18:19:12.000Z,2016-04-27T18:28:32.000Z,7,2016-04-27T18:21:03.765Z,0,2,block1,beach,1,2,boton_preg,,pez_preg,,,,,,40,pez_preg,CENTER_RIGHT,pez_preg,CENTER_RIGHT,1449,touch_object,1,1
96691293EE23402D8519AEA122722526,Unknown,2016-04-27,"",Espanol_Grupo1_preg,999,69,2016-04-27T18:19:12.000Z,2016-04-27T18:28:32.000Z,8,2016-04-27T18:21:12.636Z,0,2,block1,beach,2,2,barrer_preg,,clavar_preg,,,,,,691,clavar_preg,CENTER_RIGHT,barrer_preg,CENTER_LEFT,3189,touch_object,0,1
96691293EE23402D8519AEA122722526,Unknown,2016-04-27,"",Espanol_Grupo1_preg,999,69,2016-04-27T18:19:12.000Z,2016-04-27T18:28:32.000Z,9,2016-04-27T18:21:23.804Z,0,2,block1,beach,3,2,lavar_preg,,comer_preg,,,,,,6303,lavar_preg,CENTER_LEFT,comer_preg,CENTER_RIGHT,2159,touch_object,0,1
96691293EE23402D8519AEA122722526,Unknown,2016-04-27,"",Espanol_Grupo1_preg,999,69,2016-04-27T18:19:12.000Z,2016-04-27T18:28:32.000Z,10,2016-04-27T18:21:39.571Z,0,2,block1,beach,4,2,pescar_preg,,nadar_preg,,,,,,1032,pescar_preg,CENTER_LEFT,nadar_preg,CENTER_RIGHT,1263,touch_object,0,1
96691293EE23402D8519AEA122722526,Unknown,2016-04-27,"",Espanol_Grupo1_preg,999,69,2016-04-27T18:19:12.000Z,2016-04-27T18:28:32.000Z,11,2016-04-27T18:21:49.138Z,0,2,block1,beach,5,2,tortuga_preg,,mariposa_preg,,,,,,329,mariposa_preg,CENTER_RIGHT,tortuga_preg,CENTER_LEFT,3614,touch_object,0,1
96691293EE23402D8519AEA122722526,Unknown,2016-04-27,"",Espanol_Grupo1_preg,999,69,2016-04-27T18:19:12.000Z,2016-04-27T18:28:32.000Z,12,2016-04-27T18:22:00.355Z,0,2,block1,beach,6,2,oscuro_preg,,redondo_preg,,,,,,328,oscuro_preg,CENTER_LEFT,oscuro_preg,CENTER_LEFT,2359,touch_object,1,1
96691293EE23402D8519AEA122722526,Unknown,2016-04-27,"",Espanol_Grupo1_preg,999,69,2016-04-27T18:19:12.000Z,2016-04-27T18:28:32.000Z,13,2016-04-27T18:22:10.363Z,0,2,block1,beach,7,2,pinguino_preg,,canguro_preg,,,,,,234,canguro_preg,CENTER_RIGHT,canguro_preg,CENTER_RIGHT,4202,touch_object,1,1
96691293EE23402D8519AEA122722526,Unknown,2016-04-27,"",Espanol_Grupo1_preg,999,69,2016-04-27T18:19:12.000Z,2016-04-27T18:28:32.000Z,14,2016-04-27T18:22:22.097Z,0,2,block1,beach,8,2,lleno_preg,,alto_preg,,,,,,237,alto_preg,CENTER_RIGHT,lleno_preg,CENTER_LEFT,2826,touch_object,0,1
96691293EE23402D8519AEA122722526,Unknown,2016-04-27,"",Espanol_Grupo1_preg,999,69,2016-04-27T18:19:12.000Z,2016-04-27T18:28:32.000Z,15,2016-04-27T18:22:32.448Z,0,2,block1,beach,9,2,inflar_preg,,atajar_preg,,,,,,589,inflar_preg,CENTER_LEFT,inflar_preg,CENTER_LEFT,1380,touch_object,1,1
96691293EE23402D8519AEA122722526,Unknown,2016-04-27,"",Espanol_Grupo1_preg,999,69,2016-04-27T18:19:12.000Z,2016-04-27T18:28:32.000Z,16,2016-04-27T18:22:41.715Z,0,2,block1,beach,10,2,colectivo_preg,,avion_preg,,,,,,85,avion_preg,CENTER_RIGHT,colectivo_preg,CENTER_LEFT,1606,touch_object,0,1
96691293EE23402D8519AEA122722526,Unknown,2016-04-27,"",Espanol_Grupo1_preg,999,69,2016-04-27T18:19:12.000Z,2016-04-27T18:28:32.000Z,17,2016-04-27T18:22:50.682Z,0,2,block1,beach,11,2,caballo_preg,,gato_preg,,,,,,547,caballo_preg,CENTER_LEFT,caballo_preg,CENTER_LEFT,2105,touch_object,1,1
96691293EE23402D8519AEA122722526,Unknown,2016-04-27,"",Espanol_Grupo1_preg,999,69,2016-04-27T18:19:12.000Z,2016-04-27T18:28:32.000Z,18,2016-04-27T18:23:00.616Z,0,2,block1,beach,12,2,peludo_preg,,rayado_preg,,,,,,12,peludo_preg,CENTER_LEFT,peludo_preg,CENTER_LEFT,1979,touch_object,1,1
96691293EE23402D8519AEA122722526,Unknown,2016-04-27,"",Espanol_Grupo1_preg,999,69,2016-04-27T18:19:12.000Z,2016-04-27T18:28:32.000Z,19,2016-04-27T18:23:09.900Z,0,2,block1,beach,13,2,helicoptero_preg,,accidente_preg,,,,,,25,accidente_preg,CENTER_RIGHT,accidente_preg,CENTER_RIGHT,2486,touch_object,1,1
96691293EE23402D8519AEA122722526,Unknown,2016-04-27,"",Espanol_Grupo1_preg,999,69,2016-04-27T18:19:12.000Z,2016-04-27T18:28:32.000Z,20,2016-04-27T18:23:19.701Z,0,2,block1,beach,14,2,casa_preg,,comida_preg,,,,,,107,comida_preg,CENTER_RIGHT,comida_preg,CENTER_RIGHT,1854,touch_object,1,1
96691293EE23402D8519AEA122722526,Unknown,2016-04-27,"",Espanol_Grupo1_preg,999,69,2016-04-27T18:19:12.000Z,2016-04-27T18:28:32.000Z,21,2016-04-27T18:23:40.035Z,0,3,block2,mountain,1,2,rio_preg,,bosque_preg,,,,,,1246,rio_preg,CENTER_LEFT,rio_preg,CENTER_LEFT,1789,touch_object,1,1
96691293EE23402D8519AEA122722526,Unknown,2016-04-27,"",Espanol_Grupo1_preg,999,69,2016-04-27T18:19:12.000Z,2016-04-27T18:28:32.000Z,22,2016-04-27T18:23:50.419Z,0,3,block2,mountain,2,2,rojo_preg,,grande_preg,,,,,,170,rojo_preg,CENTER_LEFT,grande_preg,CENTER_RIGHT,1188,touch_object,0,1
96691293EE23402D8519AEA122722526,Unknown,2016-04-27,"",Espanol_Grupo1_preg,999,69,2016-04-27T18:19:12.000Z,2016-04-27T18:28:32.000Z,23,2016-04-27T18:23:59.036Z,0,3,block2,mountain,3,2,tijera_preg,,bicicleta_preg,,,,,,159,bicicleta_preg,CENTER_RIGHT,bicicleta_preg,CENTER_RIGHT,1904,touch_object,1,1
96691293EE23402D8519AEA122722526,Unknown,2016-04-27,"",Espanol_Grupo1_preg,999,69,2016-04-27T18:19:12.000Z,2016-04-27T18:28:32.000Z,24,2016-04-27T18:24:08.403Z,0,3,block2,mountain,4,2,atar_preg,,pisar_preg,,,,,,59,pisar_preg,CENTER_RIGHT,pisar_preg,CENTER_RIGHT,1579,touch_object,1,1
96691293EE23402D8519AEA122722526,Unknown,2016-04-27,"",Espanol_Grupo1_preg,999,69,2016-04-27T18:19:12.000Z,2016-04-27T18:28:32.000Z,25,2016-04-27T18:24:17.336Z,0,3,block2,mountain,5,2,romper_preg,,tocar_preg,,,,,,24,romper_preg,CENTER_LEFT,tocar_preg,CENTER_RIGHT,1684,touch_object,0,1
96691293EE23402D8519AEA122722526,Unknown,2016-04-27,"",Espanol_Grupo1_preg,999,69,2016-04-27T18:19:12.000Z,2016-04-27T18:28:32.000Z,26,2016-04-27T18:24:26.336Z,0,3,block2,mountain,6,2,hombre_preg,,pato_preg,,,,,,493,hombre_preg,CENTER_LEFT,hombre_preg,CENTER_LEFT,1169,touch_object,1,1
96691293EE23402D8519AEA122722526,Unknown,2016-04-27,"",Espanol_Grupo1_preg,999,69,2016-04-27T18:19:12.000Z,2016-04-27T18:28:32.000Z,27,2016-04-27T18:24:35.288Z,0,3,block2,mountain,7,2,grupo_preg,,medico_preg,,,,,,390,medico_preg,CENTER_RIGHT,medico_preg,CENTER_RIGHT,1618,touch_object,1,1
96691293EE23402D8519AEA122722526,Unknown,2016-04-27,"",Espanol_Grupo1_preg,999,69,2016-04-27T18:19:12.000Z,2016-04-27T18:28:32.000Z,28,2016-04-27T18:24:44.605Z,0,3,block2,mountain,8,2,viejo_preg,,descalzo_preg,,,,,,273,viejo_preg,CENTER_LEFT,viejo_preg,CENTER_LEFT,1837,touch_object,1,1
96691293EE23402D8519AEA122722526,Unknown,2016-04-27,"",Espanol_Grupo1_preg,999,69,2016-04-27T18:19:12.000Z,2016-04-27T18:28:32.000Z,29,2016-04-27T18:24:54.039Z,0,3,block2,mountain,9,2,boca_preg,,cabeza_preg,,,,,,112,cabeza_preg,CENTER_RIGHT,cabeza_preg,CENTER_RIGHT,1454,touch_object,1,1
96691293EE23402D8519AEA122722526,Unknown,2016-04-27,"",Espanol_Grupo1_preg,999,69,2016-04-27T18:19:12.000Z,2016-04-27T18:28:32.000Z,30,2016-04-27T18:25:02.889Z,0,3,block2,mountain,10,2,gorro_preg,,camion_preg,,,,,,762,gorro_preg,CENTER_LEFT,gorro_preg,CENTER_LEFT,1286,touch_object,1,1
96691293EE23402D8519AEA122722526,Unknown,2016-04-27,"",Espanol_Grupo1_preg,999,69,2016-04-27T18:19:12.000Z,2016-04-27T18:28:32.000Z,31,2016-04-27T18:25:12.223Z,0,3,block2,mountain,11,2,rota_preg,,pesada_preg,,,,,,28,rota_preg,CENTER_LEFT,pesada_preg,CENTER_RIGHT,2179,touch_object,0,1
96691293EE23402D8519AEA122722526,Unknown,2016-04-27,"",Espanol_Grupo1_preg,999,69,2016-04-27T18:19:12.000Z,2016-04-27T18:28:32.000Z,32,2016-04-27T18:25:21.707Z,0,3,block2,mountain,12,2,sucia_preg,,limpia_preg,,,,,,222,limpia_preg,CENTER_RIGHT,limpia_preg,CENTER_RIGHT,11468,touch_object,1,1
96691293EE23402D8519AEA122722526,Unknown,2016-04-27,"",Espanol_Grupo1_preg,999,69,2016-04-27T18:19:12.000Z,2016-04-27T18:28:32.000Z,33,2016-04-27T18:25:40.691Z,0,3,block2,mountain,13,2,canilla_preg,,vela_preg,,,,,,112,canilla_preg,CENTER_LEFT,vela_preg,CENTER_RIGHT,6259,touch_object,0,1
96691293EE23402D8519AEA122722526,Unknown,2016-04-27,"",Espanol_Grupo1_preg,999,69,2016-04-27T18:19:12.000Z,2016-04-27T18:28:32.000Z,34,2016-04-27T18:25:54.342Z,0,3,block2,mountain,14,2,lapiz_preg,,pantalon_preg,,,,,,416,lapiz_preg,CENTER_LEFT,lapiz_preg,CENTER_LEFT,2154,touch_object,1,1
96691293EE23402D8519AEA122722526,Unknown,2016-04-27,"",Espanol_Grupo1_preg,999,69,2016-04-27T18:19:12.000Z,2016-04-27T18:28:32.000Z,35,2016-04-27T18:26:11.321Z,0,4,block3,desert,1,2,mueble_preg,,bolso_preg,,,,,,2043,bolso_preg,CENTER_RIGHT,mueble_preg,CENTER_LEFT,1963,touch_object,0,1
96691293EE23402D8519AEA122722526,Unknown,2016-04-27,"",Espanol_Grupo1_preg,999,69,2016-04-27T18:19:12.000Z,2016-04-27T18:28:32.000Z,36,2016-04-27T18:26:22.678Z,0,4,block3,desert,2,2,muneca_preg,,mochila_preg,,,,,,2414,mochila_preg,CENTER_RIGHT,mochila_preg,CENTER_RIGHT,1299,touch_object,1,1
96691293EE23402D8519AEA122722526,Unknown,2016-04-27,"",Espanol_Grupo1_preg,999,69,2016-04-27T18:19:12.000Z,2016-04-27T18:28:32.000Z,37,2016-04-27T18:26:33.678Z,0,4,block3,desert,3,2,perro_preg,,nene_preg,,,,,,213,perro_preg,CENTER_LEFT,perro_preg,CENTER_LEFT,1455,touch_object,1,1
96691293EE23402D8519AEA122722526,Unknown,2016-04-27,"",Espanol_Grupo1_preg,999,69,2016-04-27T18:19:12.000Z,2016-04-27T18:28:32.000Z,38,2016-04-27T18:26:42.645Z,0,4,block3,desert,4,2,patear_preg,,arrancar_preg,,,,,,195,arrancar_preg,CENTER_RIGHT,arrancar_preg,CENTER_RIGHT,1477,touch_object,1,1
96691293EE23402D8519AEA122722526,Unknown,2016-04-27,"",Espanol_Grupo1_preg,999,69,2016-04-27T18:19:12.000Z,2016-04-27T18:28:32.000Z,39,2016-04-27T18:26:51.612Z,0,4,block3,desert,5,2,llorar_preg,,saltar_preg,,,,,,1200,saltar_preg,CENTER_RIGHT,saltar_preg,CENTER_RIGHT,1002,touch_object,1,1
96691293EE23402D8519AEA122722526,Unknown,2016-04-27,"",Espanol_Grupo1_preg,999,69,2016-04-27T18:19:12.000Z,2016-04-27T18:28:32.000Z,40,2016-04-27T18:27:01.096Z,0,4,block3,desert,6,2,triste_preg,,contento_preg,,,,,,211,triste_preg,CENTER_LEFT,triste_preg,CENTER_LEFT,2010,touch_object,1,1
96691293EE23402D8519AEA122722526,Unknown,2016-04-27,"",Espanol_Grupo1_preg,999,69,2016-04-27T18:19:12.000Z,2016-04-27T18:28:32.000Z,41,2016-04-27T18:27:10.630Z,0,4,block3,desert,7,2,lampara_preg,,empanada_preg,,,,,,192,lampara_preg,CENTER_LEFT,lampara_preg,CENTER_LEFT,3164,touch_object,1,1
96691293EE23402D8519AEA122722526,Unknown,2016-04-27,"",Espanol_Grupo1_preg,999,69,2016-04-27T18:19:12.000Z,2016-04-27T18:28:32.000Z,42,2016-04-27T18:27:21.297Z,0,4,block3,desert,8,2,jugar_preg,,dormir_preg,,,,,,141,dormir_preg,CENTER_RIGHT,dormir_preg,CENTER_RIGHT,1166,touch_object,1,1
96691293EE23402D8519AEA122722526,Unknown,2016-04-27,"",Espanol_Grupo1_preg,999,69,2016-04-27T18:19:12.000Z,2016-04-27T18:28:32.000Z,43,2016-04-27T18:27:29.898Z,0,4,block3,desert,9,2,barco_preg,,tren_preg,,,,,,44,barco_preg,CENTER_LEFT,barco_preg,CENTER_LEFT,6019,touch_object,1,1
96691293EE23402D8519AEA122722526,Unknown,2016-04-27,"",Espanol_Grupo1_preg,999,69,2016-04-27T18:19:12.000Z,2016-04-27T18:28:32.000Z,44,2016-04-27T18:27:43.265Z,0,4,block3,desert,10,2,atrapar_preg,,soplar_preg,,,,,,5724,atrapar_preg,CENTER_LEFT,soplar_preg,CENTER_RIGHT,2631,touch_object,0,1
96691293EE23402D8519AEA122722526,Unknown,2016-04-27,"",Espanol_Grupo1_preg,999,69,2016-04-27T18:19:12.000Z,2016-04-27T18:28:32.000Z,45,2016-04-27T18:27:58.899Z,0,4,block3,desert,11,2,mosquito_preg,,loro_preg,,,,,,911,loro_preg,CENTER_RIGHT,loro_preg,CENTER_RIGHT,2703,touch_object,1,1
96691293EE23402D8519AEA122722526,Unknown,2016-04-27,"",Espanol_Grupo1_preg,999,69,2016-04-27T18:19:12.000Z,2016-04-27T18:28:32.000Z,46,2016-04-27T18:28:09.800Z,0,4,block3,desert,12,2,zapatillas_preg,,camas_preg,,,,,,232,zapatillas_preg,CENTER_LEFT,zapatillas_preg,CENTER_LEFT,1677,touch_object,1,1
96691293EE23402D8519AEA122722526,Unknown,2016-04-27,"",Espanol_Grupo1_preg,999,69,2016-04-27T18:19:12.000Z,2016-04-27T18:28:32.000Z,47,2016-04-27T18:28:19.001Z,0,4,block3,desert,13,2,peinar_preg,,reir_preg,,,,,,163,reir_preg,CENTER_RIGHT,reir_preg,CENTER_RIGHT,1746,touch_object,1,1
