uuid,device,date,config_scenario,config_profile,subject_id,session_number,session_started_at,session_ended_at,trial_number_session,trial_started_at,repetition,level_number,level_name,level_background,stage_number,objects_count,object1_name,object1_touch_diff_time,object2_name,object2_touch_diff_time,object3_name,object3_touch_diff_time,object4_name,object4_touch_diff_time,mandy_touch_diff_time,object_asked,object_asked_position,object_touched,object_touched_position,object_touched_at,stage_end,correct,feedback
276134BC77AE41D294D0232AEAA9E285,Unknown,2016-04-27,"",Espanol_Grupo1_imp,999,61,2016-04-27T00:30:00.000Z,,1,2016-04-27T00:30:01.923Z,1,1,entrenamiento,countryside,1,2,nariz_imp,,oreja_imp,,,,,,288,nariz_imp,CENTER_LEFT,oreja_imp,CENTER_RIGHT,129978,touch_object,0,1
276134BC77AE41D294D0232AEAA9E285,Unknown,2016-04-27,"",Espanol_Grupo1_imp,999,61,2016-04-27T00:30:00.000Z,,2,2016-04-27T00:32:19.961Z,0,1,entrenamiento,countryside,1,2,nariz_imp,,oreja_imp,,,,,,2204,nariz_imp,CENTER_LEFT,nariz_imp,CENTER_LEFT,3360,touch_object,1,1
276134BC77AE41D294D0232AEAA9E285,Unknown,2016-04-27,"",Espanol_Grupo1_imp,999,61,2016-04-27T00:30:00.000Z,,3,2016-04-27T00:32:32.872Z,0,1,entrenamiento,countryside,2,2,amarillo_imp,,verde_imp,,,,,,247,verde_imp,CENTER_RIGHT,verde_imp,CENTER_RIGHT,1051,touch_object,1,1
276134BC77AE41D294D0232AEAA9E285,Unknown,2016-04-27,"",Espanol_Grupo1_imp,999,61,2016-04-27T00:30:00.000Z,,4,2016-04-27T00:32:41.456Z,0,1,entrenamiento,countryside,3,2,sonreir_imp,,correr_imp,,,,,,864,sonreir_imp,CENTER_LEFT,sonreir_imp,CENTER_LEFT,2151,touch_object,1,1
276134BC77AE41D294D0232AEAA9E285,Unknown,2016-04-27,"",Espanol_Grupo1_imp,999,61,2016-04-27T00:30:00.000Z,,5,2016-04-27T00:32:51.756Z,0,1,entrenamiento,countryside,4,2,abrir_imp,,tirar_imp,,,,,,228,tirar_imp,CENTER_RIGHT,tirar_imp,CENTER_RIGHT,2123,touch_object,1,1
276134BC77AE41D294D0232AEAA9E285,Unknown,2016-04-27,"",Espanol_Grupo1_imp,999,61,2016-04-27T00:30:00.000Z,,6,2016-04-27T00:33:08.475Z,0,2,block1,beach,1,2,boton_imp,,pez_imp,,,,,,124,pez_imp,CENTER_RIGHT,pez_imp,CENTER_RIGHT,1350,touch_object,1,1
276134BC77AE41D294D0232AEAA9E285,Unknown,2016-04-27,"",Espanol_Grupo1_imp,999,61,2016-04-27T00:30:00.000Z,,7,2016-04-27T00:33:17.291Z,0,2,block1,beach,2,2,barrer_imp,,clavar_imp,,,,,,183,clavar_imp,CENTER_RIGHT,barrer_imp,CENTER_LEFT,1591,touch_object,0,1
276134BC77AE41D294D0232AEAA9E285,Unknown,2016-04-27,"",Espanol_Grupo1_imp,999,61,2016-04-27T00:30:00.000Z,,8,2016-04-27T00:33:26.341Z,0,2,block1,beach,3,2,lavar_imp,,comer_imp,,,,,,215,lavar_imp,CENTER_LEFT,lavar_imp,CENTER_LEFT,1471,touch_object,1,1
276134BC77AE41D294D0232AEAA9E285,Unknown,2016-04-27,"",Espanol_Grupo1_imp,999,61,2016-04-27T00:30:00.000Z,,9,2016-04-27T00:33:35.342Z,0,2,block1,beach,4,2,pescar_imp,,nadar_imp,,,,,,222,pescar_imp,CENTER_LEFT,pescar_imp,CENTER_LEFT,1753,touch_object,1,1
276134BC77AE41D294D0232AEAA9E285,Unknown,2016-04-27,"",Espanol_Grupo1_imp,999,61,2016-04-27T00:30:00.000Z,,10,2016-04-27T00:33:44.609Z,0,2,block1,beach,5,2,tortuga_imp,,mariposa_imp,,,,,,633,mariposa_imp,CENTER_RIGHT,mariposa_imp,CENTER_RIGHT,1035,touch_object,1,1
276134BC77AE41D294D0232AEAA9E285,Unknown,2016-04-27,"",Espanol_Grupo1_imp,999,61,2016-04-27T00:30:00.000Z,,11,2016-04-27T00:33:53.560Z,0,2,block1,beach,6,2,oscuro_imp,,redondo_imp,,,,,,250,oscuro_imp,CENTER_LEFT,oscuro_imp,CENTER_LEFT,2109,touch_object,1,1
276134BC77AE41D294D0232AEAA9E285,Unknown,2016-04-27,"",Espanol_Grupo1_imp,999,61,2016-04-27T00:30:00.000Z,,12,2016-04-27T00:34:03.210Z,0,2,block1,beach,7,2,pinguino_imp,,canguro_imp,,,,,,127,canguro_imp,CENTER_RIGHT,canguro_imp,CENTER_RIGHT,4266,touch_object,1,1
276134BC77AE41D294D0232AEAA9E285,Unknown,2016-04-27,"",Espanol_Grupo1_imp,999,61,2016-04-27T00:30:00.000Z,,13,2016-04-27T00:34:14.894Z,0,2,block1,beach,8,2,lleno_imp,,alto_imp,,,,,,331,alto_imp,CENTER_RIGHT,alto_imp,CENTER_RIGHT,1730,touch_object,1,1
276134BC77AE41D294D0232AEAA9E285,Unknown,2016-04-27,"",Espanol_Grupo1_imp,999,61,2016-04-27T00:30:00.000Z,,14,2016-04-27T00:34:24.245Z,0,2,block1,beach,9,2,inflar_imp,,atajar_imp,,,,,,383,inflar_imp,CENTER_LEFT,inflar_imp,CENTER_LEFT,2707,touch_object,1,1
276134BC77AE41D294D0232AEAA9E285,Unknown,2016-04-27,"",Espanol_Grupo1_imp,999,61,2016-04-27T00:30:00.000Z,,15,2016-04-27T00:34:34.629Z,0,2,block1,beach,10,2,colectivo_imp,,avion_imp,,,,,,93,avion_imp,CENTER_RIGHT,avion_imp,CENTER_RIGHT,1528,touch_object,1,1
276134BC77AE41D294D0232AEAA9E285,Unknown,2016-04-27,"",Espanol_Grupo1_imp,999,61,2016-04-27T00:30:00.000Z,,16,2016-04-27T00:34:43.546Z,0,2,block1,beach,11,2,caballo_imp,,gato_imp,,,,,,153,caballo_imp,CENTER_LEFT,caballo_imp,CENTER_LEFT,1263,touch_object,1,1
276134BC77AE41D294D0232AEAA9E285,Unknown,2016-04-27,"",Espanol_Grupo1_imp,999,61,2016-04-27T00:30:00.000Z,,17,2016-04-27T00:34:52.246Z,0,2,block1,beach,12,2,peludo_imp,,rayado_imp,,,,,,670,peludo_imp,CENTER_LEFT,peludo_imp,CENTER_LEFT,1152,touch_object,1,1
276134BC77AE41D294D0232AEAA9E285,Unknown,2016-04-27,"",Espanol_Grupo1_imp,999,61,2016-04-27T00:30:00.000Z,,18,2016-04-27T00:35:01.363Z,0,2,block1,beach,13,2,helicoptero_imp,,accidente_imp,,,,,,301,accidente_imp,CENTER_RIGHT,accidente_imp,CENTER_RIGHT,1505,touch_object,1,1
276134BC77AE41D294D0232AEAA9E285,Unknown,2016-04-27,"",Espanol_Grupo1_imp,999,61,2016-04-27T00:30:00.000Z,,19,2016-04-27T00:35:10.464Z,0,2,block1,beach,14,2,casa_imp,,comida_imp,,,,,,71,comida_imp,CENTER_RIGHT,comida_imp,CENTER_RIGHT,1205,touch_object,1,1
276134BC77AE41D294D0232AEAA9E285,Unknown,2016-04-27,"",Espanol_Grupo1_imp,999,61,2016-04-27T00:30:00.000Z,,20,2016-04-27T00:35:20.057Z,0,3,block2,mountain,1,2,rio_imp,,bosque_imp,,,,,,2408,rio_imp,CENTER_LEFT,rio_imp,CENTER_LEFT,1234,touch_object,1,1
276134BC77AE41D294D0232AEAA9E285,Unknown,2016-04-27,"",Espanol_Grupo1_imp,999,61,2016-04-27T00:30:00.000Z,,21,2016-04-27T00:35:31.048Z,0,3,block2,mountain,2,2,rojo_imp,,grande_imp,,,,,,31,rojo_imp,CENTER_LEFT,rojo_imp,CENTER_LEFT,1111,touch_object,1,1
276134BC77AE41D294D0232AEAA9E285,Unknown,2016-04-27,"",Espanol_Grupo1_imp,999,61,2016-04-27T00:30:00.000Z,,22,2016-04-27T00:35:39.482Z,0,3,block2,mountain,3,2,tijera_imp,,bicicleta_imp,,,,,,582,bicicleta_imp,CENTER_RIGHT,bicicleta_imp,CENTER_RIGHT,1099,touch_object,1,1
276134BC77AE41D294D0232AEAA9E285,Unknown,2016-04-27,"",Espanol_Grupo1_imp,999,61,2016-04-27T00:30:00.000Z,,23,2016-04-27T00:35:48.450Z,0,3,block2,mountain,4,2,atar_imp,,pisar_imp,,,,,,105,pisar_imp,CENTER_RIGHT,pisar_imp,CENTER_RIGHT,1936,touch_object,1,1
276134BC77AE41D294D0232AEAA9E285,Unknown,2016-04-27,"",Espanol_Grupo1_imp,999,61,2016-04-27T00:30:00.000Z,,24,2016-04-27T00:35:57.800Z,0,3,block2,mountain,5,2,romper_imp,,tocar_imp,,,,,,30,romper_imp,CENTER_LEFT,romper_imp,CENTER_LEFT,2044,touch_object,1,1
276134BC77AE41D294D0232AEAA9E285,Unknown,2016-04-27,"",Espanol_Grupo1_imp,999,61,2016-04-27T00:30:00.000Z,,25,2016-04-27T00:36:07.184Z,0,3,block2,mountain,6,2,hombre_imp,,pato_imp,,,,,,29,hombre_imp,CENTER_LEFT,hombre_imp,CENTER_LEFT,1039,touch_object,1,1
276134BC77AE41D294D0232AEAA9E285,Unknown,2016-04-27,"",Espanol_Grupo1_imp,999,61,2016-04-27T00:30:00.000Z,,26,2016-04-27T00:36:15.534Z,0,3,block2,mountain,7,2,grupo_imp,,medico_imp,,,,,,102,medico_imp,CENTER_RIGHT,medico_imp,CENTER_RIGHT,1228,touch_object,1,1
