uuid,device,date,config_scenario,config_profile,subject_id,session_number,session_started_at,session_ended_at,trial_number_session,trial_started_at,repetition,level_number,level_name,level_background,stage_number,objects_count,object1_name,object1_touch_diff_time,object2_name,object2_touch_diff_time,object3_name,object3_touch_diff_time,object4_name,object4_touch_diff_time,mandy_touch_diff_time,object_asked,object_asked_position,object_touched,object_touched_position,object_touched_at,stage_end,correct,feedback
29E9C194FD9347E994A20C3BACEC631A,Unknown,2016-04-27,"",Espanol_Grupo1_imp,999,65,2016-04-27T04:14:44.000Z,,1,2016-04-27T04:14:45.392Z,0,1,entrenamiento,countryside,1,2,nariz_imp,,oreja_imp,,,,,,485,nariz_imp,CENTER_LEFT,nariz_imp,CENTER_LEFT,2861,touch_object,1,1
29E9C194FD9347E994A20C3BACEC631A,Unknown,2016-04-27,"",Espanol_Grupo1_imp,999,65,2016-04-27T04:14:44.000Z,,2,2016-04-27T04:14:56.605Z,0,1,entrenamiento,countryside,2,2,amarillo_imp,,verde_imp,,,,,,2789,verde_imp,CENTER_RIGHT,verde_imp,CENTER_RIGHT,1506,touch_object,1,1
29E9C194FD9347E994A20C3BACEC631A,Unknown,2016-04-27,"",Espanol_Grupo1_imp,999,65,2016-04-27T04:14:44.000Z,,3,2016-04-27T04:15:08.184Z,0,1,entrenamiento,countryside,3,2,sonreir_imp,,correr_imp,,,,,,365,sonreir_imp,CENTER_LEFT,sonreir_imp,CENTER_LEFT,1650,touch_object,1,1
29E9C194FD9347E994A20C3BACEC631A,Unknown,2016-04-27,"",Espanol_Grupo1_imp,999,65,2016-04-27T04:14:44.000Z,,4,2016-04-27T04:15:17.500Z,0,1,entrenamiento,countryside,4,2,abrir_imp,,tirar_imp,,,,,,453,tirar_imp,CENTER_RIGHT,tirar_imp,CENTER_RIGHT,2435,touch_object,1,1
29E9C194FD9347E994A20C3BACEC631A,Unknown,2016-04-27,"",Espanol_Grupo1_imp,999,65,2016-04-27T04:14:44.000Z,,5,2016-04-27T04:15:28.944Z,0,2,block1,beach,1,2,boton_imp,,pez_imp,,,,,,374,pez_imp,CENTER_RIGHT,pez_imp,CENTER_RIGHT,1541,touch_object,1,1
29E9C194FD9347E994A20C3BACEC631A,Unknown,2016-04-27,"",Espanol_Grupo1_imp,999,65,2016-04-27T04:14:44.000Z,,6,2016-04-27T04:15:38.252Z,0,2,block1,beach,2,2,barrer_imp,,clavar_imp,,,,,,370,clavar_imp,CENTER_RIGHT,clavar_imp,CENTER_RIGHT,2028,touch_object,1,1
29E9C194FD9347E994A20C3BACEC631A,Unknown,2016-04-27,"",Espanol_Grupo1_imp,999,65,2016-04-27T04:14:44.000Z,,7,2016-04-27T04:15:47.935Z,0,2,block1,beach,3,2,lavar_imp,,comer_imp,,,,,,296,lavar_imp,CENTER_LEFT,lavar_imp,CENTER_LEFT,1484,touch_object,1,1
29E9C194FD9347E994A20C3BACEC631A,Unknown,2016-04-27,"",Espanol_Grupo1_imp,999,65,2016-04-27T04:14:44.000Z,,8,2016-04-27T04:15:57.019Z,0,2,block1,beach,4,2,pescar_imp,,nadar_imp,,,,,,1495,pescar_imp,CENTER_LEFT,pescar_imp,CENTER_LEFT,3797,touch_object,1,1
29E9C194FD9347E994A20C3BACEC631A,Unknown,2016-04-27,"",Espanol_Grupo1_imp,999,65,2016-04-27T04:14:44.000Z,,9,2016-04-27T04:16:09.619Z,0,2,block1,beach,5,2,tortuga_imp,,mariposa_imp,,,,,,11946,mariposa_imp,CENTER_RIGHT,mariposa_imp,CENTER_RIGHT,1296,touch_object,1,1
29E9C194FD9347E994A20C3BACEC631A,Unknown,2016-04-27,"",Espanol_Grupo1_imp,999,65,2016-04-27T04:14:44.000Z,,10,2016-04-27T04:16:30.155Z,0,2,block1,beach,6,2,oscuro_imp,,redondo_imp,,,,,,301,oscuro_imp,CENTER_LEFT,oscuro_imp,CENTER_LEFT,6239,touch_object,1,1
29E9C194FD9347E994A20C3BACEC631A,Unknown,2016-04-27,"",Espanol_Grupo1_imp,999,65,2016-04-27T04:14:44.000Z,,11,2016-04-27T04:16:43.988Z,0,2,block1,beach,7,2,pinguino_imp,,canguro_imp,,,,,,6209,canguro_imp,CENTER_RIGHT,canguro_imp,CENTER_RIGHT,1449,touch_object,1,1
29E9C194FD9347E994A20C3BACEC631A,Unknown,2016-04-27,"",Espanol_Grupo1_imp,999,65,2016-04-27T04:14:44.000Z,,12,2016-04-27T04:16:58.939Z,0,2,block1,beach,8,2,lleno_imp,,alto_imp,,,,,,1263,alto_imp,CENTER_RIGHT,alto_imp,CENTER_RIGHT,2036,touch_object,1,1
29E9C194FD9347E994A20C3BACEC631A,Unknown,2016-04-27,"",Espanol_Grupo1_imp,999,65,2016-04-27T04:14:44.000Z,,13,2016-04-27T04:17:09.540Z,0,2,block1,beach,9,2,inflar_imp,,atajar_imp,,,,,,585,inflar_imp,CENTER_LEFT,inflar_imp,CENTER_LEFT,3278,touch_object,1,1
29E9C194FD9347E994A20C3BACEC631A,Unknown,2016-04-27,"",Espanol_Grupo1_imp,999,65,2016-04-27T04:14:44.000Z,,14,2016-04-27T04:17:20.707Z,0,2,block1,beach,10,2,colectivo_imp,,avion_imp,,,,,,6817,avion_imp,CENTER_RIGHT,avion_imp,CENTER_RIGHT,1242,touch_object,1,1
29E9C194FD9347E994A20C3BACEC631A,Unknown,2016-04-27,"",Espanol_Grupo1_imp,999,65,2016-04-27T04:14:44.000Z,,15,2016-04-27T04:17:36.057Z,0,2,block1,beach,11,2,caballo_imp,,gato_imp,,,,,,2210,caballo_imp,CENTER_LEFT,caballo_imp,CENTER_LEFT,5918,touch_object,1,1
