uuid,device,date,config_scenario,config_profile,subject_id,session_number,session_started_at,session_ended_at,trial_number_session,trial_started_at,repetition,level_number,level_name,level_background,stage_number,objects_count,object1_name,object1_touch_diff_time,object2_name,object2_touch_diff_time,object3_name,object3_touch_diff_time,object4_name,object4_touch_diff_time,mandy_touch_diff_time,object_asked,object_asked_position,object_touched,object_touched_position,object_touched_at,stage_end,correct,feedback
EC473CA520834C1883651F3218AEE168,Unknown,2016-04-27,"",Espanol_Grupo1_imp,999,60,2016-04-27T00:23:17.000Z,,1,2016-04-27T00:23:18.521Z,0,1,entrenamiento,countryside,1,2,nariz_imp,,oreja_imp,,,,,,873,nariz_imp,CENTER_LEFT,nariz_imp,CENTER_LEFT,2560,touch_object,1,1
EC473CA520834C1883651F3218AEE168,Unknown,2016-04-27,"",Espanol_Grupo1_imp,999,60,2016-04-27T00:23:17.000Z,,2,2016-04-27T00:23:29.592Z,0,1,entrenamiento,countryside,2,2,amarillo_imp,,verde_imp,,,,,,3557,verde_imp,CENTER_RIGHT,verde_imp,CENTER_RIGHT,1564,touch_object,1,1
EC473CA520834C1883651F3218AEE168,Unknown,2016-04-27,"",Espanol_Grupo1_imp,999,60,2016-04-27T00:23:17.000Z,,3,2016-04-27T00:23:42.035Z,0,1,entrenamiento,countryside,3,2,sonreir_imp,,correr_imp,,,,,,648,sonreir_imp,CENTER_LEFT,sonreir_imp,CENTER_LEFT,3046,touch_object,1,1
EC473CA520834C1883651F3218AEE168,Unknown,2016-04-27,"",Espanol_Grupo1_imp,999,60,2016-04-27T00:23:17.000Z,,4,2016-04-27T00:23:53.036Z,0,1,entrenamiento,countryside,4,2,abrir_imp,,tirar_imp,,,,,,5730,tirar_imp,CENTER_RIGHT,tirar_imp,CENTER_RIGHT,5158,touch_object,1,1
EC473CA520834C1883651F3218AEE168,Unknown,2016-04-27,"",Espanol_Grupo1_imp,999,60,2016-04-27T00:23:17.000Z,,5,2016-04-27T00:24:12.786Z,0,2,block1,beach,1,2,boton_imp,,pez_imp,,,,,,4151,pez_imp,CENTER_RIGHT,pez_imp,CENTER_RIGHT,1546,touch_object,1,1
EC473CA520834C1883651F3218AEE168,Unknown,2016-04-27,"",Espanol_Grupo1_imp,999,60,2016-04-27T00:23:17.000Z,,6,2016-04-27T00:24:25.838Z,0,2,block1,beach,2,2,barrer_imp,,clavar_imp,,,,,,746,clavar_imp,CENTER_RIGHT,clavar_imp,CENTER_RIGHT,3815,touch_object,1,1
EC473CA520834C1883651F3218AEE168,Unknown,2016-04-27,"",Espanol_Grupo1_imp,999,60,2016-04-27T00:23:17.000Z,,7,2016-04-27T00:24:37.690Z,0,2,block1,beach,3,2,lavar_imp,,comer_imp,,,,,,21230,lavar_imp,CENTER_LEFT,comer_imp,CENTER_RIGHT,12735,touch_object,0,1
EC473CA520834C1883651F3218AEE168,Unknown,2016-04-27,"",Espanol_Grupo1_imp,999,60,2016-04-27T00:23:17.000Z,,8,2016-04-27T00:25:18.925Z,0,2,block1,beach,4,2,pescar_imp,,nadar_imp,,,,,,253,pescar_imp,CENTER_LEFT,pescar_imp,CENTER_LEFT,2938,touch_object,1,1
EC473CA520834C1883651F3218AEE168,Unknown,2016-04-27,"",Espanol_Grupo1_imp,999,60,2016-04-27T00:23:17.000Z,,9,2016-04-27T00:25:29.392Z,0,2,block1,beach,5,2,tortuga_imp,,mariposa_imp,,,,,,1126,mariposa_imp,CENTER_RIGHT,mariposa_imp,CENTER_RIGHT,24977,touch_object,1,1
EC473CA520834C1883651F3218AEE168,Unknown,2016-04-27,"",Espanol_Grupo1_imp,999,60,2016-04-27T00:23:17.000Z,,10,2016-04-27T00:26:02.811Z,0,2,block1,beach,6,2,oscuro_imp,,redondo_imp,,,,,,313,oscuro_imp,CENTER_LEFT,redondo_imp,CENTER_RIGHT,73678,touch_object,0,1
