uuid,device,date,config_scenario,config_profile,subject_id,session_number,session_started_at,session_ended_at,trial_number_session,trial_started_at,repetition,level_number,level_name,level_background,stage_number,objects_count,object1_name,object1_touch_diff_time,object2_name,object2_touch_diff_time,object3_name,object3_touch_diff_time,object4_name,object4_touch_diff_time,mandy_touch_diff_time,object_asked,object_asked_position,object_touched,object_touched_position,object_touched_at,stage_end,correct,feedback
1BA4B95372134C1781ACDE470197E3E8,Unknown,2016-04-27,"",Espanol_Grupo1_imp,999,63,2016-04-27T01:06:07.000Z,,1,2016-04-27T01:06:08.466Z,1,1,entrenamiento,countryside,1,2,nariz_imp,,oreja_imp,,,,,,1347,nariz_imp,CENTER_LEFT,oreja_imp,CENTER_RIGHT,1690,touch_object,0,1
1BA4B95372134C1781ACDE470197E3E8,Unknown,2016-04-27,"",Espanol_Grupo1_imp,999,63,2016-04-27T01:06:07.000Z,,2,2016-04-27T01:06:19.239Z,0,1,entrenamiento,countryside,1,2,nariz_imp,,oreja_imp,,,,,,301,nariz_imp,CENTER_LEFT,nariz_imp,CENTER_LEFT,632,touch_object,1,1
1BA4B95372134C1781ACDE470197E3E8,Unknown,2016-04-27,"",Espanol_Grupo1_imp,999,63,2016-04-27T01:06:07.000Z,,3,2016-04-27T01:06:27.517Z,0,1,entrenamiento,countryside,2,2,amarillo_imp,,verde_imp,,,,,,1631,verde_imp,CENTER_RIGHT,verde_imp,CENTER_RIGHT,925,touch_object,1,1
1BA4B95372134C1781ACDE470197E3E8,Unknown,2016-04-27,"",Espanol_Grupo1_imp,999,63,2016-04-27T01:06:07.000Z,,4,2016-04-27T01:06:37.384Z,0,1,entrenamiento,countryside,3,2,sonreir_imp,,correr_imp,,,,,,1507,sonreir_imp,CENTER_LEFT,sonreir_imp,CENTER_LEFT,1759,touch_object,1,1
