uuid,device,date,config_scenario,config_profile,subject_id,session_number,session_started_at,session_ended_at,trial_number_session,trial_started_at,repetition,level_number,level_name,level_background,stage_number,objects_count,object1_name,object1_touch_diff_time,object2_name,object2_touch_diff_time,object3_name,object3_touch_diff_time,object4_name,object4_touch_diff_time,mandy_touch_diff_time,object_asked,object_asked_position,object_touched,object_touched_position,object_touched_at,stage_end,correct,feedback
F86147310E7545018D04FE38946131F6,Unknown,2016-04-27,"",Espanol_Grupo1_imp,999,62,2016-04-27T00:59:09.000Z,,1,2016-04-27T00:59:10.821Z,0,1,entrenamiento,countryside,1,2,nariz_imp,,oreja_imp,,,,,,1090,nariz_imp,CENTER_LEFT,nariz_imp,CENTER_LEFT,6096,touch_object,1,1
F86147310E7545018D04FE38946131F6,Unknown,2016-04-27,"",Espanol_Grupo1_imp,999,62,2016-04-27T00:59:09.000Z,,2,2016-04-27T00:59:25.784Z,0,1,entrenamiento,countryside,2,2,amarillo_imp,,verde_imp,,,,,,107,verde_imp,CENTER_RIGHT,verde_imp,CENTER_RIGHT,1225,touch_object,1,1
F86147310E7545018D04FE38946131F6,Unknown,2016-04-27,"",Espanol_Grupo1_imp,999,62,2016-04-27T00:59:09.000Z,,3,2016-04-27T00:59:34.460Z,0,1,entrenamiento,countryside,3,2,sonreir_imp,,correr_imp,,,,,,532,sonreir_imp,CENTER_LEFT,sonreir_imp,CENTER_LEFT,1747,touch_object,1,1
F86147310E7545018D04FE38946131F6,Unknown,2016-04-27,"",Espanol_Grupo1_imp,999,62,2016-04-27T00:59:09.000Z,,4,2016-04-27T00:59:44.044Z,0,1,entrenamiento,countryside,4,2,abrir_imp,,tirar_imp,,,,,,272,tirar_imp,CENTER_RIGHT,tirar_imp,CENTER_RIGHT,1444,touch_object,1,1
F86147310E7545018D04FE38946131F6,Unknown,2016-04-27,"",Espanol_Grupo1_imp,999,62,2016-04-27T00:59:09.000Z,,5,2016-04-27T00:59:57.984Z,0,2,block1,beach,1,2,boton_imp,,pez_imp,,,,,,491,pez_imp,CENTER_RIGHT,pez_imp,CENTER_RIGHT,1366,touch_object,1,1
F86147310E7545018D04FE38946131F6,Unknown,2016-04-27,"",Espanol_Grupo1_imp,999,62,2016-04-27T00:59:09.000Z,,6,2016-04-27T01:00:07.262Z,0,2,block1,beach,2,2,barrer_imp,,clavar_imp,,,,,,15733,clavar_imp,CENTER_RIGHT,barrer_imp,CENTER_LEFT,126754,touch_object,0,1
