uuid,device,date,config_scenario,config_profile,subject_id,session_number,session_started_at,session_ended_at,trial_number_session,trial_started_at,repetition,level_number,level_name,level_background,stage_number,objects_count,object1_name,object1_touch_diff_time,object2_name,object2_touch_diff_time,object3_name,object3_touch_diff_time,object4_name,object4_touch_diff_time,mandy_touch_diff_time,object_asked,object_asked_position,object_touched,object_touched_position,object_touched_at,stage_end,correct,feedback
D6F699F480D64D638D5C1107A3E2010B,Unknown,2016-04-27,"",Espanol_Grupo1_preg,999,70,2016-04-27T18:29:26.000Z,2016-04-27T18:39:09.000Z,1,2016-04-27T18:29:27.045Z,0,1,entrenamiento,countryside,1,2,nariz_preg,,oreja_preg,,,,,,128,nariz_preg,CENTER_LEFT,nariz_preg,CENTER_LEFT,2836,touch_object,1,1
D6F699F480D64D638D5C1107A3E2010B,Unknown,2016-04-27,"",Espanol_Grupo1_preg,999,70,2016-04-27T18:29:26.000Z,2016-04-27T18:39:09.000Z,2,2016-04-27T18:29:37.522Z,1,1,entrenamiento,countryside,2,2,amarillo_preg,,verde_preg,,,,,,12399,verde_preg,CENTER_RIGHT,amarillo_preg,CENTER_LEFT,2389,touch_object,0,1
D6F699F480D64D638D5C1107A3E2010B,Unknown,2016-04-27,"",Espanol_Grupo1_preg,999,70,2016-04-27T18:29:26.000Z,2016-04-27T18:39:09.000Z,3,2016-04-27T18:29:59.606Z,1,1,entrenamiento,countryside,2,2,amarillo_preg,,verde_preg,,,,,,1867,verde_preg,CENTER_RIGHT,amarillo_preg,CENTER_LEFT,6293,touch_object,0,1
D6F699F480D64D638D5C1107A3E2010B,Unknown,2016-04-27,"",Espanol_Grupo1_preg,999,70,2016-04-27T18:29:26.000Z,2016-04-27T18:39:09.000Z,4,2016-04-27T18:30:15.040Z,0,1,entrenamiento,countryside,2,2,amarillo_preg,,verde_preg,,,,,,158,verde_preg,CENTER_RIGHT,verde_preg,CENTER_RIGHT,1053,touch_object,1,1
D6F699F480D64D638D5C1107A3E2010B,Unknown,2016-04-27,"",Espanol_Grupo1_preg,999,70,2016-04-27T18:29:26.000Z,2016-04-27T18:39:09.000Z,5,2016-04-27T18:30:23.545Z,1,1,entrenamiento,countryside,3,2,sonreir_preg,,correr_preg,,,,,,3535,sonreir_preg,CENTER_LEFT,correr_preg,CENTER_RIGHT,2278,touch_object,0,1
D6F699F480D64D638D5C1107A3E2010B,Unknown,2016-04-27,"",Espanol_Grupo1_preg,999,70,2016-04-27T18:29:26.000Z,2016-04-27T18:39:09.000Z,6,2016-04-27T18:30:36.641Z,1,1,entrenamiento,countryside,3,2,sonreir_preg,,correr_preg,,,,,,5756,sonreir_preg,CENTER_LEFT,correr_preg,CENTER_RIGHT,6635,touch_object,0,1
D6F699F480D64D638D5C1107A3E2010B,Unknown,2016-04-27,"",Espanol_Grupo1_preg,999,70,2016-04-27T18:29:26.000Z,2016-04-27T18:39:09.000Z,7,2016-04-27T18:30:56.326Z,1,1,entrenamiento,countryside,3,2,sonreir_preg,,correr_preg,,,,,,6364,sonreir_preg,CENTER_LEFT,correr_preg,CENTER_RIGHT,1138,touch_object,0,1
D6F699F480D64D638D5C1107A3E2010B,Unknown,2016-04-27,"",Espanol_Grupo1_preg,999,70,2016-04-27T18:29:26.000Z,2016-04-27T18:39:09.000Z,8,2016-04-27T18:31:11.111Z,1,1,entrenamiento,countryside,3,2,sonreir_preg,,correr_preg,,,,,,449,sonreir_preg,CENTER_LEFT,correr_preg,CENTER_RIGHT,1004,touch_object,0,1
D6F699F480D64D638D5C1107A3E2010B,Unknown,2016-04-27,"",Espanol_Grupo1_preg,999,70,2016-04-27T18:29:26.000Z,2016-04-27T18:39:09.000Z,9,2016-04-27T18:31:19.844Z,0,1,entrenamiento,countryside,3,2,sonreir_preg,,correr_preg,,,,,,548,sonreir_preg,CENTER_LEFT,sonreir_preg,CENTER_LEFT,1044,touch_object,1,1
D6F699F480D64D638D5C1107A3E2010B,Unknown,2016-04-27,"",Espanol_Grupo1_preg,999,70,2016-04-27T18:29:26.000Z,2016-04-27T18:39:09.000Z,10,2016-04-27T18:31:28.711Z,1,1,entrenamiento,countryside,4,2,abrir_preg,,tirar_preg,,,,,,208,tirar_preg,CENTER_RIGHT,abrir_preg,CENTER_LEFT,2463,touch_object,0,1
D6F699F480D64D638D5C1107A3E2010B,Unknown,2016-04-27,"",Espanol_Grupo1_preg,999,70,2016-04-27T18:29:26.000Z,2016-04-27T18:39:09.000Z,11,2016-04-27T18:31:38.662Z,1,1,entrenamiento,countryside,4,2,abrir_preg,,tirar_preg,,,,,,974,tirar_preg,CENTER_RIGHT,abrir_preg,CENTER_LEFT,6115,touch_object,0,1
D6F699F480D64D638D5C1107A3E2010B,Unknown,2016-04-27,"",Espanol_Grupo1_preg,999,70,2016-04-27T18:29:26.000Z,2016-04-27T18:39:09.000Z,12,2016-04-27T18:31:53.029Z,1,1,entrenamiento,countryside,4,2,abrir_preg,,tirar_preg,,,,,,2416,tirar_preg,CENTER_RIGHT,abrir_preg,CENTER_LEFT,1291,touch_object,0,1
D6F699F480D64D638D5C1107A3E2010B,Unknown,2016-04-27,"",Espanol_Grupo1_preg,999,70,2016-04-27T18:29:26.000Z,2016-04-27T18:39:09.000Z,13,2016-04-27T18:32:04.014Z,1,1,entrenamiento,countryside,4,2,abrir_preg,,tirar_preg,,,,,,10629,tirar_preg,CENTER_RIGHT,abrir_preg,CENTER_LEFT,2859,touch_object,0,1
D6F699F480D64D638D5C1107A3E2010B,Unknown,2016-04-27,"",Espanol_Grupo1_preg,999,70,2016-04-27T18:29:26.000Z,2016-04-27T18:39:09.000Z,14,2016-04-27T18:32:24.781Z,0,1,entrenamiento,countryside,4,2,abrir_preg,,tirar_preg,,,,,,47,tirar_preg,CENTER_RIGHT,tirar_preg,CENTER_RIGHT,1521,touch_object,1,1
D6F699F480D64D638D5C1107A3E2010B,Unknown,2016-04-27,"",Espanol_Grupo1_preg,999,70,2016-04-27T18:29:26.000Z,2016-04-27T18:39:09.000Z,15,2016-04-27T18:32:40.576Z,0,2,block1,beach,1,2,boton_preg,,pez_preg,,,,,,1049,pez_preg,CENTER_RIGHT,boton_preg,CENTER_LEFT,1640,touch_object,0,1
D6F699F480D64D638D5C1107A3E2010B,Unknown,2016-04-27,"",Espanol_Grupo1_preg,999,70,2016-04-27T18:29:26.000Z,2016-04-27T18:39:09.000Z,16,2016-04-27T18:32:50.633Z,0,2,block1,beach,2,2,barrer_preg,,clavar_preg,,,,,,221,clavar_preg,CENTER_RIGHT,barrer_preg,CENTER_LEFT,1196,touch_object,0,1
D6F699F480D64D638D5C1107A3E2010B,Unknown,2016-04-27,"",Espanol_Grupo1_preg,999,70,2016-04-27T18:29:26.000Z,2016-04-27T18:39:09.000Z,17,2016-04-27T18:32:59.350Z,0,2,block1,beach,3,2,lavar_preg,,comer_preg,,,,,,746,lavar_preg,CENTER_LEFT,comer_preg,CENTER_RIGHT,1904,touch_object,0,1
D6F699F480D64D638D5C1107A3E2010B,Unknown,2016-04-27,"",Espanol_Grupo1_preg,999,70,2016-04-27T18:29:26.000Z,2016-04-27T18:39:09.000Z,18,2016-04-27T18:33:09.283Z,0,2,block1,beach,4,2,pescar_preg,,nadar_preg,,,,,,194,pescar_preg,CENTER_LEFT,nadar_preg,CENTER_RIGHT,1419,touch_object,0,1
D6F699F480D64D638D5C1107A3E2010B,Unknown,2016-04-27,"",Espanol_Grupo1_preg,999,70,2016-04-27T18:29:26.000Z,2016-04-27T18:39:09.000Z,19,2016-04-27T18:33:18.167Z,0,2,block1,beach,5,2,tortuga_preg,,mariposa_preg,,,,,,15,mariposa_preg,CENTER_RIGHT,tortuga_preg,CENTER_LEFT,2431,touch_object,0,1
D6F699F480D64D638D5C1107A3E2010B,Unknown,2016-04-27,"",Espanol_Grupo1_preg,999,70,2016-04-27T18:29:26.000Z,2016-04-27T18:39:09.000Z,20,2016-04-27T18:33:27.901Z,0,2,block1,beach,6,2,oscuro_preg,,redondo_preg,,,,,,234,oscuro_preg,CENTER_LEFT,oscuro_preg,CENTER_LEFT,1711,touch_object,1,1
D6F699F480D64D638D5C1107A3E2010B,Unknown,2016-04-27,"",Espanol_Grupo1_preg,999,70,2016-04-27T18:29:26.000Z,2016-04-27T18:39:09.000Z,21,2016-04-27T18:33:37.135Z,0,2,block1,beach,7,2,pinguino_preg,,canguro_preg,,,,,,1863,canguro_preg,CENTER_RIGHT,pinguino_preg,CENTER_LEFT,1732,touch_object,0,1
D6F699F480D64D638D5C1107A3E2010B,Unknown,2016-04-27,"",Espanol_Grupo1_preg,999,70,2016-04-27T18:29:26.000Z,2016-04-27T18:39:09.000Z,22,2016-04-27T18:33:48.002Z,0,2,block1,beach,8,2,lleno_preg,,alto_preg,,,,,,81,alto_preg,CENTER_RIGHT,lleno_preg,CENTER_LEFT,1755,touch_object,0,1
D6F699F480D64D638D5C1107A3E2010B,Unknown,2016-04-27,"",Espanol_Grupo1_preg,999,70,2016-04-27T18:29:26.000Z,2016-04-27T18:39:09.000Z,23,2016-04-27T18:33:57.103Z,0,2,block1,beach,9,2,inflar_preg,,atajar_preg,,,,,,162,inflar_preg,CENTER_LEFT,atajar_preg,CENTER_RIGHT,1697,touch_object,0,1
D6F699F480D64D638D5C1107A3E2010B,Unknown,2016-04-27,"",Espanol_Grupo1_preg,999,70,2016-04-27T18:29:26.000Z,2016-04-27T18:39:09.000Z,24,2016-04-27T18:34:06.253Z,0,2,block1,beach,10,2,colectivo_preg,,avion_preg,,,,,,312,avion_preg,CENTER_RIGHT,colectivo_preg,CENTER_LEFT,2121,touch_object,0,1
D6F699F480D64D638D5C1107A3E2010B,Unknown,2016-04-27,"",Espanol_Grupo1_preg,999,70,2016-04-27T18:29:26.000Z,2016-04-27T18:39:09.000Z,25,2016-04-27T18:34:15.955Z,0,2,block1,beach,11,2,caballo_preg,,gato_preg,,,,,,702,caballo_preg,CENTER_LEFT,caballo_preg,CENTER_LEFT,1177,touch_object,1,1
D6F699F480D64D638D5C1107A3E2010B,Unknown,2016-04-27,"",Espanol_Grupo1_preg,999,70,2016-04-27T18:29:26.000Z,2016-04-27T18:39:09.000Z,26,2016-04-27T18:34:25.138Z,0,2,block1,beach,12,2,peludo_preg,,rayado_preg,,,,,,102,peludo_preg,CENTER_LEFT,rayado_preg,CENTER_RIGHT,1814,touch_object,0,1
D6F699F480D64D638D5C1107A3E2010B,Unknown,2016-04-27,"",Espanol_Grupo1_preg,999,70,2016-04-27T18:29:26.000Z,2016-04-27T18:39:09.000Z,27,2016-04-27T18:34:34.321Z,0,2,block1,beach,13,2,helicoptero_preg,,accidente_preg,,,,,,51,accidente_preg,CENTER_RIGHT,helicoptero_preg,CENTER_LEFT,1624,touch_object,0,1
D6F699F480D64D638D5C1107A3E2010B,Unknown,2016-04-27,"",Espanol_Grupo1_preg,999,70,2016-04-27T18:29:26.000Z,2016-04-27T18:39:09.000Z,28,2016-04-27T18:34:43.306Z,0,2,block1,beach,14,2,casa_preg,,comida_preg,,,,,,61,comida_preg,CENTER_RIGHT,casa_preg,CENTER_LEFT,2167,touch_object,0,1
D6F699F480D64D638D5C1107A3E2010B,Unknown,2016-04-27,"",Espanol_Grupo1_preg,999,70,2016-04-27T18:29:26.000Z,2016-04-27T18:39:09.000Z,29,2016-04-27T18:34:53.800Z,0,3,block2,mountain,1,2,rio_preg,,bosque_preg,,,,,,57,rio_preg,CENTER_LEFT,bosque_preg,CENTER_RIGHT,1637,touch_object,0,1
D6F699F480D64D638D5C1107A3E2010B,Unknown,2016-04-27,"",Espanol_Grupo1_preg,999,70,2016-04-27T18:29:26.000Z,2016-04-27T18:39:09.000Z,30,2016-04-27T18:35:02.840Z,0,3,block2,mountain,2,2,rojo_preg,,grande_preg,,,,,,60,rojo_preg,CENTER_LEFT,grande_preg,CENTER_RIGHT,1631,touch_object,0,1
D6F699F480D64D638D5C1107A3E2010B,Unknown,2016-04-27,"",Espanol_Grupo1_preg,999,70,2016-04-27T18:29:26.000Z,2016-04-27T18:39:09.000Z,31,2016-04-27T18:35:11.806Z,0,3,block2,mountain,3,2,tijera_preg,,bicicleta_preg,,,,,,1223,bicicleta_preg,CENTER_RIGHT,tijera_preg,CENTER_LEFT,1265,touch_object,0,1
D6F699F480D64D638D5C1107A3E2010B,Unknown,2016-04-27,"",Espanol_Grupo1_preg,999,70,2016-04-27T18:29:26.000Z,2016-04-27T18:39:09.000Z,32,2016-04-27T18:35:21.574Z,0,3,block2,mountain,4,2,atar_preg,,pisar_preg,,,,,,116,pisar_preg,CENTER_RIGHT,atar_preg,CENTER_LEFT,2132,touch_object,0,1
D6F699F480D64D638D5C1107A3E2010B,Unknown,2016-04-27,"",Espanol_Grupo1_preg,999,70,2016-04-27T18:29:26.000Z,2016-04-27T18:39:09.000Z,33,2016-04-27T18:35:31.091Z,0,3,block2,mountain,5,2,romper_preg,,tocar_preg,,,,,,604,romper_preg,CENTER_LEFT,tocar_preg,CENTER_RIGHT,2502,touch_object,0,1
D6F699F480D64D638D5C1107A3E2010B,Unknown,2016-04-27,"",Espanol_Grupo1_preg,999,70,2016-04-27T18:29:26.000Z,2016-04-27T18:39:09.000Z,34,2016-04-27T18:35:41.476Z,0,3,block2,mountain,6,2,hombre_preg,,pato_preg,,,,,,339,hombre_preg,CENTER_LEFT,pato_preg,CENTER_RIGHT,1114,touch_object,0,1
D6F699F480D64D638D5C1107A3E2010B,Unknown,2016-04-27,"",Espanol_Grupo1_preg,999,70,2016-04-27T18:29:26.000Z,2016-04-27T18:39:09.000Z,35,2016-04-27T18:35:50.210Z,0,3,block2,mountain,7,2,grupo_preg,,medico_preg,,,,,,34,medico_preg,CENTER_RIGHT,grupo_preg,CENTER_LEFT,1501,touch_object,0,1
D6F699F480D64D638D5C1107A3E2010B,Unknown,2016-04-27,"",Espanol_Grupo1_preg,999,70,2016-04-27T18:29:26.000Z,2016-04-27T18:39:09.000Z,36,2016-04-27T18:35:59.009Z,0,3,block2,mountain,8,2,viejo_preg,,descalzo_preg,,,,,,419,viejo_preg,CENTER_LEFT,descalzo_preg,CENTER_RIGHT,1394,touch_object,0,1
D6F699F480D64D638D5C1107A3E2010B,Unknown,2016-04-27,"",Espanol_Grupo1_preg,999,70,2016-04-27T18:29:26.000Z,2016-04-27T18:39:09.000Z,37,2016-04-27T18:36:08.093Z,0,3,block2,mountain,9,2,boca_preg,,cabeza_preg,,,,,,267,cabeza_preg,CENTER_RIGHT,boca_preg,CENTER_LEFT,2921,touch_object,0,1
D6F699F480D64D638D5C1107A3E2010B,Unknown,2016-04-27,"",Espanol_Grupo1_preg,999,70,2016-04-27T18:29:26.000Z,2016-04-27T18:39:09.000Z,38,2016-04-27T18:36:18.544Z,0,3,block2,mountain,10,2,gorro_preg,,camion_preg,,,,,,131,gorro_preg,CENTER_LEFT,camion_preg,CENTER_RIGHT,1636,touch_object,0,1
D6F699F480D64D638D5C1107A3E2010B,Unknown,2016-04-27,"",Espanol_Grupo1_preg,999,70,2016-04-27T18:29:26.000Z,2016-04-27T18:39:09.000Z,39,2016-04-27T18:36:27.577Z,0,3,block2,mountain,11,2,rota_preg,,pesada_preg,,,,,,61,rota_preg,CENTER_LEFT,pesada_preg,CENTER_RIGHT,2237,touch_object,0,1
D6F699F480D64D638D5C1107A3E2010B,Unknown,2016-04-27,"",Espanol_Grupo1_preg,999,70,2016-04-27T18:29:26.000Z,2016-04-27T18:39:09.000Z,40,2016-04-27T18:36:37.178Z,0,3,block2,mountain,12,2,sucia_preg,,limpia_preg,,,,,,95,limpia_preg,CENTER_RIGHT,sucia_preg,CENTER_LEFT,1494,touch_object,0,1
D6F699F480D64D638D5C1107A3E2010B,Unknown,2016-04-27,"",Espanol_Grupo1_preg,999,70,2016-04-27T18:29:26.000Z,2016-04-27T18:39:09.000Z,41,2016-04-27T18:36:46.045Z,0,3,block2,mountain,13,2,canilla_preg,,vela_preg,,,,,,109,canilla_preg,CENTER_LEFT,vela_preg,CENTER_RIGHT,1801,touch_object,0,1
D6F699F480D64D638D5C1107A3E2010B,Unknown,2016-04-27,"",Espanol_Grupo1_preg,999,70,2016-04-27T18:29:26.000Z,2016-04-27T18:39:09.000Z,42,2016-04-27T18:36:55.229Z,0,3,block2,mountain,14,2,lapiz_preg,,pantalon_preg,,,,,,191,lapiz_preg,CENTER_LEFT,pantalon_preg,CENTER_RIGHT,1285,touch_object,0,1
D6F699F480D64D638D5C1107A3E2010B,Unknown,2016-04-27,"",Espanol_Grupo1_preg,999,70,2016-04-27T18:29:26.000Z,2016-04-27T18:39:09.000Z,43,2016-04-27T18:37:04.992Z,0,4,block3,desert,1,2,mueble_preg,,bolso_preg,,,,,,120,bolso_preg,CENTER_RIGHT,mueble_preg,CENTER_LEFT,2291,touch_object,0,1
D6F699F480D64D638D5C1107A3E2010B,Unknown,2016-04-27,"",Espanol_Grupo1_preg,999,70,2016-04-27T18:29:26.000Z,2016-04-27T18:39:09.000Z,44,2016-04-27T18:37:14.764Z,0,4,block3,desert,2,2,muneca_preg,,mochila_preg,,,,,,358,mochila_preg,CENTER_RIGHT,muneca_preg,CENTER_LEFT,1597,touch_object,0,1
D6F699F480D64D638D5C1107A3E2010B,Unknown,2016-04-27,"",Espanol_Grupo1_preg,999,70,2016-04-27T18:29:26.000Z,2016-04-27T18:39:09.000Z,45,2016-04-27T18:37:24.031Z,0,4,block3,desert,3,2,perro_preg,,nene_preg,,,,,,1539,perro_preg,CENTER_LEFT,nene_preg,CENTER_RIGHT,1226,touch_object,0,1
D6F699F480D64D638D5C1107A3E2010B,Unknown,2016-04-27,"",Espanol_Grupo1_preg,999,70,2016-04-27T18:29:26.000Z,2016-04-27T18:39:09.000Z,46,2016-04-27T18:37:34.098Z,0,4,block3,desert,4,2,patear_preg,,arrancar_preg,,,,,,141,arrancar_preg,CENTER_RIGHT,patear_preg,CENTER_LEFT,1871,touch_object,0,1
D6F699F480D64D638D5C1107A3E2010B,Unknown,2016-04-27,"",Espanol_Grupo1_preg,999,70,2016-04-27T18:29:26.000Z,2016-04-27T18:39:09.000Z,47,2016-04-27T18:37:43.423Z,0,4,block3,desert,5,2,llorar_preg,,saltar_preg,,,,,,1207,saltar_preg,CENTER_RIGHT,llorar_preg,CENTER_LEFT,1215,touch_object,0,1
D6F699F480D64D638D5C1107A3E2010B,Unknown,2016-04-27,"",Espanol_Grupo1_preg,999,70,2016-04-27T18:29:26.000Z,2016-04-27T18:39:09.000Z,48,2016-04-27T18:37:53.139Z,0,4,block3,desert,6,2,triste_preg,,contento_preg,,,,,,143,triste_preg,CENTER_LEFT,contento_preg,CENTER_RIGHT,1494,touch_object,0,1
D6F699F480D64D638D5C1107A3E2010B,Unknown,2016-04-27,"",Espanol_Grupo1_preg,999,70,2016-04-27T18:29:26.000Z,2016-04-27T18:39:09.000Z,49,2016-04-27T18:38:02.073Z,0,4,block3,desert,7,2,lampara_preg,,empanada_preg,,,,,,583,lampara_preg,CENTER_LEFT,empanada_preg,CENTER_RIGHT,1952,touch_object,0,1
D6F699F480D64D638D5C1107A3E2010B,Unknown,2016-04-27,"",Espanol_Grupo1_preg,999,70,2016-04-27T18:29:26.000Z,2016-04-27T18:39:09.000Z,50,2016-04-27T18:38:11.874Z,0,4,block3,desert,8,2,jugar_preg,,dormir_preg,,,,,,275,dormir_preg,CENTER_RIGHT,jugar_preg,CENTER_LEFT,1556,touch_object,0,1
D6F699F480D64D638D5C1107A3E2010B,Unknown,2016-04-27,"",Espanol_Grupo1_preg,999,70,2016-04-27T18:29:26.000Z,2016-04-27T18:39:09.000Z,51,2016-04-27T18:38:20.975Z,0,4,block3,desert,9,2,barco_preg,,tren_preg,,,,,,132,barco_preg,CENTER_LEFT,tren_preg,CENTER_RIGHT,1968,touch_object,0,1
D6F699F480D64D638D5C1107A3E2010B,Unknown,2016-04-27,"",Espanol_Grupo1_preg,999,70,2016-04-27T18:29:26.000Z,2016-04-27T18:39:09.000Z,52,2016-04-27T18:38:30.358Z,0,4,block3,desert,10,2,atrapar_preg,,soplar_preg,,,,,,40,atrapar_preg,CENTER_LEFT,soplar_preg,CENTER_RIGHT,1249,touch_object,0,1
D6F699F480D64D638D5C1107A3E2010B,Unknown,2016-04-27,"",Espanol_Grupo1_preg,999,70,2016-04-27T18:29:26.000Z,2016-04-27T18:39:09.000Z,53,2016-04-27T18:38:38.925Z,0,4,block3,desert,11,2,mosquito_preg,,loro_preg,,,,,,368,loro_preg,CENTER_RIGHT,mosquito_preg,CENTER_LEFT,1160,touch_object,0,1
D6F699F480D64D638D5C1107A3E2010B,Unknown,2016-04-27,"",Espanol_Grupo1_preg,999,70,2016-04-27T18:29:26.000Z,2016-04-27T18:39:09.000Z,54,2016-04-27T18:38:47.725Z,0,4,block3,desert,12,2,zapatillas_preg,,camas_preg,,,,,,243,zapatillas_preg,CENTER_LEFT,camas_preg,CENTER_RIGHT,3461,touch_object,0,1
D6F699F480D64D638D5C1107A3E2010B,Unknown,2016-04-27,"",Espanol_Grupo1_preg,999,70,2016-04-27T18:29:26.000Z,2016-04-27T18:39:09.000Z,55,2016-04-27T18:38:58.727Z,0,4,block3,desert,13,2,peinar_preg,,reir_preg,,,,,,123,reir_preg,CENTER_RIGHT,peinar_preg,CENTER_LEFT,1943,touch_object,0,1
