uuid,device,date,config_scenario,config_profile,subject_id,session_number,session_started_at,session_ended_at,trial_number_session,trial_started_at,repetition,level_number,level_name,level_background,stage_number,objects_count,object1_name,object1_touch_diff_time,object2_name,object2_touch_diff_time,object3_name,object3_touch_diff_time,object4_name,object4_touch_diff_time,mandy_touch_diff_time,object_asked,object_asked_position,object_touched,object_touched_position,object_touched_at,stage_end,correct,feedback
A21D88FF8C654BD3AC11AE8066FDFF29,Unknown,2016-04-28,"",Espanol_Grupo1_preg,0,58,2016-04-28T00:35:19.000Z,,1,2016-04-28T00:35:20.684Z,1,1,entrenamiento,countryside,1,2,nariz_preg,,oreja_preg,,,,,,343,nariz_preg,CENTER_LEFT,oreja_preg,CENTER_RIGHT,1090,touch_object,0,1
A21D88FF8C654BD3AC11AE8066FDFF29,Unknown,2016-04-28,"",Espanol_Grupo1_preg,0,58,2016-04-28T00:35:19.000Z,,2,2016-04-28T00:35:29.670Z,0,1,entrenamiento,countryside,1,2,nariz_preg,,oreja_preg,,,,,,142,nariz_preg,CENTER_LEFT,nariz_preg,CENTER_LEFT,1101,touch_object,1,1
A21D88FF8C654BD3AC11AE8066FDFF29,Unknown,2016-04-28,"",Espanol_Grupo1_preg,0,58,2016-04-28T00:35:19.000Z,,3,2016-04-28T00:35:38.334Z,0,1,entrenamiento,countryside,2,2,amarillo_preg,,verde_preg,,,,,,379,verde_preg,CENTER_RIGHT,verde_preg,CENTER_RIGHT,1428,touch_object,1,1
A21D88FF8C654BD3AC11AE8066FDFF29,Unknown,2016-04-28,"",Espanol_Grupo1_preg,0,58,2016-04-28T00:35:19.000Z,,4,2016-04-28T00:35:47.586Z,0,1,entrenamiento,countryside,3,2,sonreir_preg,,correr_preg,,,,,,472,sonreir_preg,CENTER_LEFT,sonreir_preg,CENTER_LEFT,1330,touch_object,1,1
A21D88FF8C654BD3AC11AE8066FDFF29,Unknown,2016-04-28,"",Espanol_Grupo1_preg,0,58,2016-04-28T00:35:19.000Z,,5,2016-04-28T00:35:56.800Z,0,1,entrenamiento,countryside,4,2,abrir_preg,,tirar_preg,,,,,,21706,tirar_preg,CENTER_RIGHT,tirar_preg,CENTER_RIGHT,2327,touch_object,1,1
A21D88FF8C654BD3AC11AE8066FDFF29,Unknown,2016-04-28,"",Espanol_Grupo1_preg,0,58,2016-04-28T00:35:19.000Z,,6,2016-04-28T00:37:03.486Z,0,2,block1,beach,1,2,boton_preg,,pez_preg,,,,,,25118,pez_preg,CENTER_RIGHT,pez_preg,CENTER_RIGHT,22444,touch_object,1,1
A21D88FF8C654BD3AC11AE8066FDFF29,Unknown,2016-04-28,"",Espanol_Grupo1_preg,0,58,2016-04-28T00:35:19.000Z,,7,2016-04-28T00:37:58.558Z,0,2,block1,beach,2,2,barrer_preg,,clavar_preg,,,,,,362,clavar_preg,CENTER_RIGHT,clavar_preg,CENTER_RIGHT,2967,touch_object,1,1
A21D88FF8C654BD3AC11AE8066FDFF29,Unknown,2016-04-28,"",Espanol_Grupo1_preg,0,58,2016-04-28T00:35:19.000Z,,8,2016-04-28T00:38:09.358Z,0,2,block1,beach,3,2,lavar_preg,,comer_preg,,,,,,413,lavar_preg,CENTER_LEFT,lavar_preg,CENTER_LEFT,1736,touch_object,1,1
A21D88FF8C654BD3AC11AE8066FDFF29,Unknown,2016-04-28,"",Espanol_Grupo1_preg,0,58,2016-04-28T00:35:19.000Z,,9,2016-04-28T00:38:18.942Z,0,2,block1,beach,4,2,pescar_preg,,nadar_preg,,,,,,53756,pescar_preg,CENTER_LEFT,nadar_preg,CENTER_RIGHT,16994,touch_object,0,1
A21D88FF8C654BD3AC11AE8066FDFF29,Unknown,2016-04-28,"",Espanol_Grupo1_preg,0,58,2016-04-28T00:35:19.000Z,,10,2016-04-28T00:39:37.082Z,0,2,block1,beach,5,2,tortuga_preg,,mariposa_preg,,,,,,1288,mariposa_preg,CENTER_RIGHT,mariposa_preg,CENTER_RIGHT,11796,touch_object,1,1
A21D88FF8C654BD3AC11AE8066FDFF29,Unknown,2016-04-28,"",Espanol_Grupo1_preg,0,58,2016-04-28T00:35:19.000Z,,11,2016-04-28T00:39:57.581Z,0,2,block1,beach,6,2,oscuro_preg,,redondo_preg,,,,,,224722,oscuro_preg,CENTER_LEFT,oscuro_preg,CENTER_LEFT,1650,touch_object,1,1
A21D88FF8C654BD3AC11AE8066FDFF29,Unknown,2016-04-28,"",Espanol_Grupo1_preg,0,58,2016-04-28T00:35:19.000Z,,12,2016-04-28T00:43:51.378Z,0,2,block1,beach,7,2,pinguino_preg,,canguro_preg,,,,,,236,canguro_preg,CENTER_RIGHT,canguro_preg,CENTER_RIGHT,1095,touch_object,1,1
A21D88FF8C654BD3AC11AE8066FDFF29,Unknown,2016-04-28,"",Espanol_Grupo1_preg,0,58,2016-04-28T00:35:19.000Z,,13,2016-04-28T00:44:00.179Z,0,2,block1,beach,8,2,lleno_preg,,alto_preg,,,,,,135,alto_preg,CENTER_RIGHT,alto_preg,CENTER_RIGHT,1353,touch_object,1,1
A21D88FF8C654BD3AC11AE8066FDFF29,Unknown,2016-04-28,"",Espanol_Grupo1_preg,0,58,2016-04-28T00:35:19.000Z,,14,2016-04-28T00:44:09.096Z,0,2,block1,beach,9,2,inflar_preg,,atajar_preg,,,,,,824,inflar_preg,CENTER_LEFT,inflar_preg,CENTER_LEFT,1398,touch_object,1,1
A21D88FF8C654BD3AC11AE8066FDFF29,Unknown,2016-04-28,"",Espanol_Grupo1_preg,0,58,2016-04-28T00:35:19.000Z,,15,2016-04-28T00:44:18.762Z,0,2,block1,beach,10,2,colectivo_preg,,avion_preg,,,,,,100,avion_preg,CENTER_RIGHT,avion_preg,CENTER_RIGHT,1061,touch_object,1,1
A21D88FF8C654BD3AC11AE8066FDFF29,Unknown,2016-04-28,"",Espanol_Grupo1_preg,0,58,2016-04-28T00:35:19.000Z,,16,2016-04-28T00:44:27.380Z,0,2,block1,beach,11,2,caballo_preg,,gato_preg,,,,,,939,caballo_preg,CENTER_LEFT,caballo_preg,CENTER_LEFT,1390,touch_object,1,1
A21D88FF8C654BD3AC11AE8066FDFF29,Unknown,2016-04-28,"",Espanol_Grupo1_preg,0,58,2016-04-28T00:35:19.000Z,,17,2016-04-28T00:44:37.130Z,0,2,block1,beach,12,2,peludo_preg,,rayado_preg,,,,,,460,peludo_preg,CENTER_LEFT,peludo_preg,CENTER_LEFT,2025,touch_object,1,1
