uuid,device,date,config_scenario,config_profile,subject_id,session_number,session_started_at,session_ended_at,trial_number_session,trial_started_at,repetition,level_number,level_name,level_background,stage_number,objects_count,object1_name,object1_touch_diff_time,object2_name,object2_touch_diff_time,object3_name,object3_touch_diff_time,object4_name,object4_touch_diff_time,mandy_touch_diff_time,object_asked,object_asked_position,object_touched,object_touched_position,object_touched_at,stage_end,correct,feedback
105BDA01C745461C80D8B8F4F8A56E4D,Unknown,2016-04-28,"",Espanol_Grupo1_preg,0,57,2016-04-28T00:25:43.000Z,,1,2016-04-28T00:25:44.300Z,0,1,entrenamiento,countryside,1,2,nariz_preg,,oreja_preg,,,,,,2221,nariz_preg,CENTER_LEFT,nariz_preg,CENTER_LEFT,4409,touch_object,1,1
105BDA01C745461C80D8B8F4F8A56E4D,Unknown,2016-04-28,"",Espanol_Grupo1_preg,0,57,2016-04-28T00:25:43.000Z,,2,2016-04-28T00:25:58.588Z,0,1,entrenamiento,countryside,2,2,amarillo_preg,,verde_preg,,,,,,679,verde_preg,CENTER_RIGHT,verde_preg,CENTER_RIGHT,29608,touch_object,1,1
105BDA01C745461C80D8B8F4F8A56E4D,Unknown,2016-04-28,"",Espanol_Grupo1_preg,0,57,2016-04-28T00:25:43.000Z,,3,2016-04-28T00:26:36.337Z,0,1,entrenamiento,countryside,3,2,sonreir_preg,,correr_preg,,,,,,13867,sonreir_preg,CENTER_LEFT,sonreir_preg,CENTER_LEFT,2204,touch_object,1,1
105BDA01C745461C80D8B8F4F8A56E4D,Unknown,2016-04-28,"",Espanol_Grupo1_preg,0,57,2016-04-28T00:25:43.000Z,,4,2016-04-28T00:26:59.838Z,0,1,entrenamiento,countryside,4,2,abrir_preg,,tirar_preg,,,,,,1081,tirar_preg,CENTER_RIGHT,tirar_preg,CENTER_RIGHT,3984,touch_object,1,1
105BDA01C745461C80D8B8F4F8A56E4D,Unknown,2016-04-28,"",Espanol_Grupo1_preg,0,57,2016-04-28T00:25:43.000Z,,5,2016-04-28T00:27:15.964Z,0,2,block1,beach,1,2,boton_preg,,pez_preg,,,,,,79,pez_preg,CENTER_RIGHT,boton_preg,CENTER_LEFT,1180,touch_object,0,1
105BDA01C745461C80D8B8F4F8A56E4D,Unknown,2016-04-28,"",Espanol_Grupo1_preg,0,57,2016-04-28T00:25:43.000Z,,6,2016-04-28T00:27:24.623Z,0,2,block1,beach,2,2,barrer_preg,,clavar_preg,,,,,,842,clavar_preg,CENTER_RIGHT,barrer_preg,CENTER_LEFT,1956,touch_object,0,1
105BDA01C745461C80D8B8F4F8A56E4D,Unknown,2016-04-28,"",Espanol_Grupo1_preg,0,57,2016-04-28T00:25:43.000Z,,7,2016-04-28T00:27:34.789Z,0,2,block1,beach,3,2,lavar_preg,,comer_preg,,,,,,1129,lavar_preg,CENTER_LEFT,comer_preg,CENTER_RIGHT,1824,touch_object,0,1
105BDA01C745461C80D8B8F4F8A56E4D,Unknown,2016-04-28,"",Espanol_Grupo1_preg,0,57,2016-04-28T00:25:43.000Z,,8,2016-04-28T00:27:45.093Z,0,2,block1,beach,4,2,pescar_preg,,nadar_preg,,,,,,309,pescar_preg,CENTER_LEFT,pescar_preg,CENTER_LEFT,1266,touch_object,1,1
105BDA01C745461C80D8B8F4F8A56E4D,Unknown,2016-04-28,"",Espanol_Grupo1_preg,0,57,2016-04-28T00:25:43.000Z,,9,2016-04-28T00:27:54.107Z,0,2,block1,beach,5,2,tortuga_preg,,mariposa_preg,,,,,,146,mariposa_preg,CENTER_RIGHT,mariposa_preg,CENTER_RIGHT,1552,touch_object,1,1
105BDA01C745461C80D8B8F4F8A56E4D,Unknown,2016-04-28,"",Espanol_Grupo1_preg,0,57,2016-04-28T00:25:43.000Z,,10,2016-04-28T00:28:03.274Z,0,2,block1,beach,6,2,oscuro_preg,,redondo_preg,,,,,,119,oscuro_preg,CENTER_LEFT,oscuro_preg,CENTER_LEFT,1678,touch_object,1,1
105BDA01C745461C80D8B8F4F8A56E4D,Unknown,2016-04-28,"",Espanol_Grupo1_preg,0,57,2016-04-28T00:25:43.000Z,,11,2016-04-28T00:28:12.492Z,0,2,block1,beach,7,2,pinguino_preg,,canguro_preg,,,,,,130,canguro_preg,CENTER_RIGHT,canguro_preg,CENTER_RIGHT,1322,touch_object,1,1
105BDA01C745461C80D8B8F4F8A56E4D,Unknown,2016-04-28,"",Espanol_Grupo1_preg,0,57,2016-04-28T00:25:43.000Z,,12,2016-04-28T00:28:21.425Z,0,2,block1,beach,8,2,lleno_preg,,alto_preg,,,,,,492,alto_preg,CENTER_RIGHT,alto_preg,CENTER_RIGHT,1845,touch_object,1,1
105BDA01C745461C80D8B8F4F8A56E4D,Unknown,2016-04-28,"",Espanol_Grupo1_preg,0,57,2016-04-28T00:25:43.000Z,,13,2016-04-28T00:28:31.175Z,0,2,block1,beach,9,2,inflar_preg,,atajar_preg,,,,,,1323,inflar_preg,CENTER_LEFT,inflar_preg,CENTER_LEFT,1463,touch_object,1,1
105BDA01C745461C80D8B8F4F8A56E4D,Unknown,2016-04-28,"",Espanol_Grupo1_preg,0,57,2016-04-28T00:25:43.000Z,,14,2016-04-28T00:28:41.376Z,0,2,block1,beach,10,2,colectivo_preg,,avion_preg,,,,,,438,avion_preg,CENTER_RIGHT,colectivo_preg,CENTER_LEFT,1639,touch_object,0,1
105BDA01C745461C80D8B8F4F8A56E4D,Unknown,2016-04-28,"",Espanol_Grupo1_preg,0,57,2016-04-28T00:25:43.000Z,,15,2016-04-28T00:28:50.845Z,0,2,block1,beach,11,2,caballo_preg,,gato_preg,,,,,,5867,caballo_preg,CENTER_LEFT,caballo_preg,CENTER_LEFT,1491,touch_object,1,1
105BDA01C745461C80D8B8F4F8A56E4D,Unknown,2016-04-28,"",Espanol_Grupo1_preg,0,57,2016-04-28T00:25:43.000Z,,16,2016-04-28T00:29:05.628Z,0,2,block1,beach,12,2,peludo_preg,,rayado_preg,,,,,,37502,peludo_preg,CENTER_LEFT,peludo_preg,CENTER_LEFT,1594,touch_object,1,1
105BDA01C745461C80D8B8F4F8A56E4D,Unknown,2016-04-28,"",Espanol_Grupo1_preg,0,57,2016-04-28T00:25:43.000Z,,17,2016-04-28T00:29:52.148Z,0,2,block1,beach,13,2,helicoptero_preg,,accidente_preg,,,,,,221,accidente_preg,CENTER_RIGHT,accidente_preg,CENTER_RIGHT,1656,touch_object,1,1
105BDA01C745461C80D8B8F4F8A56E4D,Unknown,2016-04-28,"",Espanol_Grupo1_preg,0,57,2016-04-28T00:25:43.000Z,,18,2016-04-28T00:30:01.431Z,0,2,block1,beach,14,2,casa_preg,,comida_preg,,,,,,1598,comida_preg,CENTER_RIGHT,comida_preg,CENTER_RIGHT,1475,touch_object,1,1
105BDA01C745461C80D8B8F4F8A56E4D,Unknown,2016-04-28,"",Espanol_Grupo1_preg,0,57,2016-04-28T00:25:43.000Z,,19,2016-04-28T00:32:15.151Z,0,3,block2,mountain,1,2,rio_preg,,bosque_preg,,,,,,533,rio_preg,CENTER_LEFT,rio_preg,CENTER_LEFT,1674,touch_object,1,1
105BDA01C745461C80D8B8F4F8A56E4D,Unknown,2016-04-28,"",Espanol_Grupo1_preg,0,57,2016-04-28T00:25:43.000Z,,20,2016-04-28T00:32:24.840Z,0,3,block2,mountain,2,2,rojo_preg,,grande_preg,,,,,,276,rojo_preg,CENTER_LEFT,rojo_preg,CENTER_LEFT,1035,touch_object,1,1
105BDA01C745461C80D8B8F4F8A56E4D,Unknown,2016-04-28,"",Espanol_Grupo1_preg,0,57,2016-04-28T00:25:43.000Z,,21,2016-04-28T00:32:33.590Z,0,3,block2,mountain,3,2,tijera_preg,,bicicleta_preg,,,,,,262,bicicleta_preg,CENTER_RIGHT,bicicleta_preg,CENTER_RIGHT,1882,touch_object,1,1
105BDA01C745461C80D8B8F4F8A56E4D,Unknown,2016-04-28,"",Espanol_Grupo1_preg,0,57,2016-04-28T00:25:43.000Z,,22,2016-04-28T00:32:43.173Z,0,3,block2,mountain,4,2,atar_preg,,pisar_preg,,,,,,95047,pisar_preg,CENTER_RIGHT,pisar_preg,CENTER_RIGHT,2017,touch_object,1,1
