uuid,device,date,config_scenario,config_profile,subject_id,session_number,session_started_at,session_ended_at,trial_number_session,trial_started_at,repetition,level_number,level_name,level_background,stage_number,objects_count,object1_name,object1_touch_diff_time,object2_name,object2_touch_diff_time,object3_name,object3_touch_diff_time,object4_name,object4_touch_diff_time,mandy_touch_diff_time,object_asked,object_asked_position,object_touched,object_touched_position,object_touched_at,stage_end,correct,feedback
1274738B6B914199B1EADB0B2447B556,Unknown,2016-04-28,"",Espanol_Grupo1_preg,0,60,2016-04-28T10:26:41.000Z,,1,2016-04-28T10:26:41.890Z,0,1,entrenamiento,countryside,1,2,nariz_preg,,oreja_preg,,,,,,10177,nariz_preg,CENTER_LEFT,nariz_preg,CENTER_LEFT,2936,touch_object,1,1
1274738B6B914199B1EADB0B2447B556,Unknown,2016-04-28,"",Espanol_Grupo1_preg,0,60,2016-04-28T10:26:41.000Z,,2,2016-04-28T10:27:02.738Z,0,1,entrenamiento,countryside,2,2,amarillo_preg,,verde_preg,,,,,,3132,verde_preg,CENTER_RIGHT,verde_preg,CENTER_RIGHT,21917,touch_object,1,1
1274738B6B914199B1EADB0B2447B556,Unknown,2016-04-28,"",Espanol_Grupo1_preg,0,60,2016-04-28T10:26:41.000Z,,3,2016-04-28T10:27:35.266Z,0,1,entrenamiento,countryside,3,2,sonreir_preg,,correr_preg,,,,,,124,sonreir_preg,CENTER_LEFT,sonreir_preg,CENTER_LEFT,1736,touch_object,1,1
1274738B6B914199B1EADB0B2447B556,Unknown,2016-04-28,"",Espanol_Grupo1_preg,0,60,2016-04-28T10:26:41.000Z,,4,2016-04-28T10:27:44.550Z,0,1,entrenamiento,countryside,4,2,abrir_preg,,tirar_preg,,,,,,300,tirar_preg,CENTER_RIGHT,tirar_preg,CENTER_RIGHT,1293,touch_object,1,1
1274738B6B914199B1EADB0B2447B556,Unknown,2016-04-28,"",Espanol_Grupo1_preg,0,60,2016-04-28T10:26:41.000Z,,5,2016-04-28T10:28:02.675Z,0,2,block1,beach,1,2,boton_preg,,pez_preg,,,,,,221,pez_preg,CENTER_RIGHT,pez_preg,CENTER_RIGHT,1229,touch_object,1,1
1274738B6B914199B1EADB0B2447B556,Unknown,2016-04-28,"",Espanol_Grupo1_preg,0,60,2016-04-28T10:26:41.000Z,,6,2016-04-28T10:28:11.569Z,0,2,block1,beach,2,2,barrer_preg,,clavar_preg,,,,,,175,clavar_preg,CENTER_RIGHT,barrer_preg,CENTER_LEFT,1208,touch_object,0,1
1274738B6B914199B1EADB0B2447B556,Unknown,2016-04-28,"",Espanol_Grupo1_preg,0,60,2016-04-28T10:26:41.000Z,,7,2016-04-28T10:28:20.320Z,0,2,block1,beach,3,2,lavar_preg,,comer_preg,,,,,,183,lavar_preg,CENTER_LEFT,comer_preg,CENTER_RIGHT,1750,touch_object,0,1
1274738B6B914199B1EADB0B2447B556,Unknown,2016-04-28,"",Espanol_Grupo1_preg,0,60,2016-04-28T10:26:41.000Z,,8,2016-04-28T10:28:29.619Z,0,2,block1,beach,4,2,pescar_preg,,nadar_preg,,,,,,195,pescar_preg,CENTER_LEFT,pescar_preg,CENTER_LEFT,1253,touch_object,1,1
1274738B6B914199B1EADB0B2447B556,Unknown,2016-04-28,"",Espanol_Grupo1_preg,0,60,2016-04-28T10:26:41.000Z,,9,2016-04-28T10:28:38.487Z,0,2,block1,beach,5,2,tortuga_preg,,mariposa_preg,,,,,,107,mariposa_preg,CENTER_RIGHT,mariposa_preg,CENTER_RIGHT,1101,touch_object,1,1
