uuid,device,date,config_scenario,config_profile,subject_id,session_number,session_started_at,session_ended_at,trial_number_session,trial_started_at,repetition,level_number,level_name,level_background,stage_number,objects_count,object1_name,object1_touch_diff_time,object2_name,object2_touch_diff_time,object3_name,object3_touch_diff_time,object4_name,object4_touch_diff_time,mandy_touch_diff_time,object_asked,object_asked_position,object_touched,object_touched_position,object_touched_at,stage_end,correct,feedback
512D1AA7BA554067935672D630947F6F,Unknown,2016-04-28,"",Espanol_Grupo1_preg,999,60,2016-04-28T10:52:50.000Z,,1,2016-04-28T10:52:51.123Z,1,1,entrenamiento,countryside,1,2,nariz_preg,,oreja_preg,,,,,,151,nariz_preg,CENTER_LEFT,oreja_preg,CENTER_RIGHT,2479,touch_object,0,1
512D1AA7BA554067935672D630947F6F,Unknown,2016-04-28,"",Espanol_Grupo1_preg,999,60,2016-04-28T10:52:50.000Z,,2,2016-04-28T10:53:01.331Z,1,1,entrenamiento,countryside,1,2,nariz_preg,,oreja_preg,,,,,,200,nariz_preg,CENTER_LEFT,oreja_preg,CENTER_RIGHT,86041,touch_object,0,1
512D1AA7BA554067935672D630947F6F,Unknown,2016-04-28,"",Espanol_Grupo1_preg,999,60,2016-04-28T10:52:50.000Z,,3,2016-04-28T10:54:34.831Z,1,1,entrenamiento,countryside,1,2,nariz_preg,,oreja_preg,,,,,,13473,nariz_preg,CENTER_LEFT,oreja_preg,CENTER_RIGHT,1263,touch_object,0,1
512D1AA7BA554067935672D630947F6F,Unknown,2016-04-28,"",Espanol_Grupo1_preg,999,60,2016-04-28T10:52:50.000Z,,4,2016-04-28T10:54:56.848Z,0,1,entrenamiento,countryside,1,2,nariz_preg,,oreja_preg,,,,,,283,nariz_preg,CENTER_LEFT,nariz_preg,CENTER_LEFT,967,touch_object,1,1
512D1AA7BA554067935672D630947F6F,Unknown,2016-04-28,"",Espanol_Grupo1_preg,999,60,2016-04-28T10:52:50.000Z,,5,2016-04-28T10:55:05.416Z,1,1,entrenamiento,countryside,2,2,amarillo_preg,,verde_preg,,,,,,532,verde_preg,CENTER_RIGHT,amarillo_preg,CENTER_LEFT,1482,touch_object,0,1
512D1AA7BA554067935672D630947F6F,Unknown,2016-04-28,"",Espanol_Grupo1_preg,999,60,2016-04-28T10:52:50.000Z,,6,2016-04-28T10:55:14.699Z,1,1,entrenamiento,countryside,2,2,amarillo_preg,,verde_preg,,,,,,10429,verde_preg,CENTER_RIGHT,amarillo_preg,CENTER_LEFT,1188,touch_object,0,1
512D1AA7BA554067935672D630947F6F,Unknown,2016-04-28,"",Espanol_Grupo1_preg,999,60,2016-04-28T10:52:50.000Z,,7,2016-04-28T10:55:33.567Z,0,1,entrenamiento,countryside,2,2,amarillo_preg,,verde_preg,,,,,,683,verde_preg,CENTER_RIGHT,verde_preg,CENTER_RIGHT,1492,touch_object,1,1
512D1AA7BA554067935672D630947F6F,Unknown,2016-04-28,"",Espanol_Grupo1_preg,999,60,2016-04-28T10:52:50.000Z,,8,2016-04-28T10:55:43.017Z,1,1,entrenamiento,countryside,3,2,sonreir_preg,,correr_preg,,,,,,36,sonreir_preg,CENTER_LEFT,correr_preg,CENTER_RIGHT,1310,touch_object,0,1
512D1AA7BA554067935672D630947F6F,Unknown,2016-04-28,"",Espanol_Grupo1_preg,999,60,2016-04-28T10:52:50.000Z,,9,2016-04-28T10:55:51.634Z,1,1,entrenamiento,countryside,3,2,sonreir_preg,,correr_preg,,,,,,8183,sonreir_preg,CENTER_LEFT,correr_preg,CENTER_RIGHT,1913,touch_object,0,1
512D1AA7BA554067935672D630947F6F,Unknown,2016-04-28,"",Espanol_Grupo1_preg,999,60,2016-04-28T10:52:50.000Z,,10,2016-04-28T10:56:08.986Z,0,1,entrenamiento,countryside,3,2,sonreir_preg,,correr_preg,,,,,,98,sonreir_preg,CENTER_LEFT,sonreir_preg,CENTER_LEFT,7099,touch_object,1,1
512D1AA7BA554067935672D630947F6F,Unknown,2016-04-28,"",Espanol_Grupo1_preg,999,60,2016-04-28T10:52:50.000Z,,11,2016-04-28T10:56:23.470Z,1,1,entrenamiento,countryside,4,2,abrir_preg,,tirar_preg,,,,,,21019,tirar_preg,CENTER_RIGHT,abrir_preg,CENTER_LEFT,1458,touch_object,0,1
512D1AA7BA554067935672D630947F6F,Unknown,2016-04-28,"",Espanol_Grupo1_preg,999,60,2016-04-28T10:52:50.000Z,,12,2016-04-28T10:56:53.221Z,0,1,entrenamiento,countryside,4,2,abrir_preg,,tirar_preg,,,,,,23360,tirar_preg,CENTER_RIGHT,tirar_preg,CENTER_RIGHT,1266,touch_object,1,1
512D1AA7BA554067935672D630947F6F,Unknown,2016-04-28,"",Espanol_Grupo1_preg,999,60,2016-04-28T10:52:50.000Z,,13,2016-04-28T10:57:26.988Z,0,2,block1,beach,1,2,boton_preg,,pez_preg,,,,,,70,pez_preg,CENTER_RIGHT,boton_preg,CENTER_LEFT,1228,touch_object,0,1
512D1AA7BA554067935672D630947F6F,Unknown,2016-04-28,"",Espanol_Grupo1_preg,999,60,2016-04-28T10:52:50.000Z,,14,2016-04-28T10:57:35.624Z,0,2,block1,beach,2,2,barrer_preg,,clavar_preg,,,,,,369,clavar_preg,CENTER_RIGHT,barrer_preg,CENTER_LEFT,1706,touch_object,0,1
512D1AA7BA554067935672D630947F6F,Unknown,2016-04-28,"",Espanol_Grupo1_preg,999,60,2016-04-28T10:52:50.000Z,,15,2016-04-28T10:57:44.974Z,0,2,block1,beach,3,2,lavar_preg,,comer_preg,,,,,,164,lavar_preg,CENTER_LEFT,comer_preg,CENTER_RIGHT,1389,touch_object,0,1
512D1AA7BA554067935672D630947F6F,Unknown,2016-04-28,"",Espanol_Grupo1_preg,999,60,2016-04-28T10:52:50.000Z,,16,2016-04-28T10:57:53.791Z,0,2,block1,beach,4,2,pescar_preg,,nadar_preg,,,,,,126,pescar_preg,CENTER_LEFT,nadar_preg,CENTER_RIGHT,1534,touch_object,0,1
512D1AA7BA554067935672D630947F6F,Unknown,2016-04-28,"",Espanol_Grupo1_preg,999,60,2016-04-28T10:52:50.000Z,,17,2016-04-28T10:58:02.725Z,0,2,block1,beach,5,2,tortuga_preg,,mariposa_preg,,,,,,4927,mariposa_preg,CENTER_RIGHT,tortuga_preg,CENTER_LEFT,1590,touch_object,0,1
512D1AA7BA554067935672D630947F6F,Unknown,2016-04-28,"",Espanol_Grupo1_preg,999,60,2016-04-28T10:52:50.000Z,,18,2016-04-28T10:58:16.526Z,0,2,block1,beach,6,2,oscuro_preg,,redondo_preg,,,,,,3229,oscuro_preg,CENTER_LEFT,redondo_preg,CENTER_RIGHT,8286,touch_object,0,1
512D1AA7BA554067935672D630947F6F,Unknown,2016-04-28,"",Espanol_Grupo1_preg,999,60,2016-04-28T10:52:50.000Z,,19,2016-04-28T10:58:35.310Z,0,2,block1,beach,7,2,pinguino_preg,,canguro_preg,,,,,,31,canguro_preg,CENTER_RIGHT,pinguino_preg,CENTER_LEFT,1171,touch_object,0,1
512D1AA7BA554067935672D630947F6F,Unknown,2016-04-28,"",Espanol_Grupo1_preg,999,60,2016-04-28T10:52:50.000Z,,20,2016-04-28T10:58:43.795Z,0,2,block1,beach,8,2,lleno_preg,,alto_preg,,,,,,79,alto_preg,CENTER_RIGHT,lleno_preg,CENTER_LEFT,1523,touch_object,0,1
512D1AA7BA554067935672D630947F6F,Unknown,2016-04-28,"",Espanol_Grupo1_preg,999,60,2016-04-28T10:52:50.000Z,,21,2016-04-28T10:58:52.662Z,0,2,block1,beach,9,2,inflar_preg,,atajar_preg,,,,,,970,inflar_preg,CENTER_LEFT,atajar_preg,CENTER_RIGHT,1071,touch_object,0,1
512D1AA7BA554067935672D630947F6F,Unknown,2016-04-28,"",Espanol_Grupo1_preg,999,60,2016-04-28T10:52:50.000Z,,22,2016-04-28T10:59:01.996Z,0,2,block1,beach,10,2,colectivo_preg,,avion_preg,,,,,,161,avion_preg,CENTER_RIGHT,colectivo_preg,CENTER_LEFT,1854,touch_object,0,1
512D1AA7BA554067935672D630947F6F,Unknown,2016-04-28,"",Espanol_Grupo1_preg,999,60,2016-04-28T10:52:50.000Z,,23,2016-04-28T10:59:11.280Z,0,2,block1,beach,11,2,caballo_preg,,gato_preg,,,,,,82,caballo_preg,CENTER_LEFT,gato_preg,CENTER_RIGHT,1186,touch_object,0,1
512D1AA7BA554067935672D630947F6F,Unknown,2016-04-28,"",Espanol_Grupo1_preg,999,60,2016-04-28T10:52:50.000Z,,24,2016-04-28T10:59:19.813Z,0,2,block1,beach,12,2,peludo_preg,,rayado_preg,,,,,,277,peludo_preg,CENTER_LEFT,rayado_preg,CENTER_RIGHT,1351,touch_object,0,1
512D1AA7BA554067935672D630947F6F,Unknown,2016-04-28,"",Espanol_Grupo1_preg,999,60,2016-04-28T10:52:50.000Z,,25,2016-04-28T10:59:28.714Z,0,2,block1,beach,13,2,helicoptero_preg,,accidente_preg,,,,,,2157,accidente_preg,CENTER_RIGHT,helicoptero_preg,CENTER_LEFT,1464,touch_object,0,1
512D1AA7BA554067935672D630947F6F,Unknown,2016-04-28,"",Espanol_Grupo1_preg,999,60,2016-04-28T10:52:50.000Z,,26,2016-04-28T10:59:39.631Z,0,2,block1,beach,14,2,casa_preg,,comida_preg,,,,,,58,comida_preg,CENTER_RIGHT,casa_preg,CENTER_LEFT,1067,touch_object,0,1
512D1AA7BA554067935672D630947F6F,Unknown,2016-04-28,"",Espanol_Grupo1_preg,999,60,2016-04-28T10:52:50.000Z,,27,2016-04-28T11:00:01.672Z,0,3,block2,mountain,1,2,rio_preg,,bosque_preg,,,,,,2908,rio_preg,CENTER_LEFT,rio_preg,CENTER_LEFT,1806,touch_object,1,1
512D1AA7BA554067935672D630947F6F,Unknown,2016-04-28,"",Espanol_Grupo1_preg,999,60,2016-04-28T10:52:50.000Z,,28,2016-04-28T11:00:13.783Z,0,3,block2,mountain,2,2,rojo_preg,,grande_preg,,,,,,19,rojo_preg,CENTER_LEFT,grande_preg,CENTER_RIGHT,1720,touch_object,0,1
512D1AA7BA554067935672D630947F6F,Unknown,2016-04-28,"",Espanol_Grupo1_preg,999,60,2016-04-28T10:52:50.000Z,,29,2016-04-28T11:00:22.833Z,0,3,block2,mountain,3,2,tijera_preg,,bicicleta_preg,,,,,,233,bicicleta_preg,CENTER_RIGHT,tijera_preg,CENTER_LEFT,2075,touch_object,0,1
512D1AA7BA554067935672D630947F6F,Unknown,2016-04-28,"",Espanol_Grupo1_preg,999,60,2016-04-28T10:52:50.000Z,,30,2016-04-28T11:00:32.417Z,0,3,block2,mountain,4,2,atar_preg,,pisar_preg,,,,,,254,pisar_preg,CENTER_RIGHT,atar_preg,CENTER_LEFT,2303,touch_object,0,1
512D1AA7BA554067935672D630947F6F,Unknown,2016-04-28,"",Espanol_Grupo1_preg,999,60,2016-04-28T10:52:50.000Z,,31,2016-04-28T11:00:42.251Z,0,3,block2,mountain,5,2,romper_preg,,tocar_preg,,,,,,27,romper_preg,CENTER_LEFT,tocar_preg,CENTER_RIGHT,1365,touch_object,0,1
512D1AA7BA554067935672D630947F6F,Unknown,2016-04-28,"",Espanol_Grupo1_preg,999,60,2016-04-28T10:52:50.000Z,,32,2016-04-28T11:00:50.935Z,0,3,block2,mountain,6,2,hombre_preg,,pato_preg,,,,,,2379,hombre_preg,CENTER_LEFT,pato_preg,CENTER_RIGHT,1882,touch_object,0,1
512D1AA7BA554067935672D630947F6F,Unknown,2016-04-28,"",Espanol_Grupo1_preg,999,60,2016-04-28T10:52:50.000Z,,33,2016-04-28T11:01:02.485Z,0,3,block2,mountain,7,2,grupo_preg,,medico_preg,,,,,,45,medico_preg,CENTER_RIGHT,grupo_preg,CENTER_LEFT,1187,touch_object,0,1
512D1AA7BA554067935672D630947F6F,Unknown,2016-04-28,"",Espanol_Grupo1_preg,999,60,2016-04-28T10:52:50.000Z,,34,2016-04-28T11:01:10.986Z,0,3,block2,mountain,8,2,viejo_preg,,descalzo_preg,,,,,,100,viejo_preg,CENTER_LEFT,descalzo_preg,CENTER_RIGHT,1507,touch_object,0,1
512D1AA7BA554067935672D630947F6F,Unknown,2016-04-28,"",Espanol_Grupo1_preg,999,60,2016-04-28T10:52:50.000Z,,35,2016-04-28T11:01:19.870Z,0,3,block2,mountain,9,2,boca_preg,,cabeza_preg,,,,,,17,cabeza_preg,CENTER_RIGHT,boca_preg,CENTER_LEFT,1969,touch_object,0,1
512D1AA7BA554067935672D630947F6F,Unknown,2016-04-28,"",Espanol_Grupo1_preg,999,60,2016-04-28T10:52:50.000Z,,36,2016-04-28T11:01:29.136Z,0,3,block2,mountain,10,2,gorro_preg,,camion_preg,,,,,,28,gorro_preg,CENTER_LEFT,camion_preg,CENTER_RIGHT,1948,touch_object,0,1
512D1AA7BA554067935672D630947F6F,Unknown,2016-04-28,"",Espanol_Grupo1_preg,999,60,2016-04-28T10:52:50.000Z,,37,2016-04-28T11:01:38.388Z,0,3,block2,mountain,11,2,rota_preg,,pesada_preg,,,,,,59,rota_preg,CENTER_LEFT,pesada_preg,CENTER_RIGHT,2168,touch_object,0,1
512D1AA7BA554067935672D630947F6F,Unknown,2016-04-28,"",Espanol_Grupo1_preg,999,60,2016-04-28T10:52:50.000Z,,38,2016-04-28T11:01:47.888Z,0,3,block2,mountain,12,2,sucia_preg,,limpia_preg,,,,,,267,limpia_preg,CENTER_RIGHT,sucia_preg,CENTER_LEFT,1808,touch_object,0,1
512D1AA7BA554067935672D630947F6F,Unknown,2016-04-28,"",Espanol_Grupo1_preg,999,60,2016-04-28T10:52:50.000Z,,39,2016-04-28T11:01:57.255Z,0,3,block2,mountain,13,2,canilla_preg,,vela_preg,,,,,,324,canilla_preg,CENTER_LEFT,vela_preg,CENTER_RIGHT,1292,touch_object,0,1
512D1AA7BA554067935672D630947F6F,Unknown,2016-04-28,"",Espanol_Grupo1_preg,999,60,2016-04-28T10:52:50.000Z,,40,2016-04-28T11:02:06.172Z,0,3,block2,mountain,14,2,lapiz_preg,,pantalon_preg,,,,,,355,lapiz_preg,CENTER_LEFT,pantalon_preg,CENTER_RIGHT,949,touch_object,0,1
512D1AA7BA554067935672D630947F6F,Unknown,2016-04-28,"",Espanol_Grupo1_preg,999,60,2016-04-28T10:52:50.000Z,,41,2016-04-28T11:02:16.293Z,0,4,block3,desert,1,2,mueble_preg,,bolso_preg,,,,,,951,bolso_preg,CENTER_RIGHT,mueble_preg,CENTER_LEFT,1780,touch_object,0,1
512D1AA7BA554067935672D630947F6F,Unknown,2016-04-28,"",Espanol_Grupo1_preg,999,60,2016-04-28T10:52:50.000Z,,42,2016-04-28T11:02:26.374Z,0,4,block3,desert,2,2,muneca_preg,,mochila_preg,,,,,,18072,mochila_preg,CENTER_RIGHT,muneca_preg,CENTER_LEFT,6867,touch_object,0,1
512D1AA7BA554067935672D630947F6F,Unknown,2016-04-28,"",Espanol_Grupo1_preg,999,60,2016-04-28T10:52:50.000Z,,43,2016-04-28T11:02:58.592Z,0,4,block3,desert,3,2,perro_preg,,nene_preg,,,,,,143,perro_preg,CENTER_LEFT,nene_preg,CENTER_RIGHT,1301,touch_object,0,1
512D1AA7BA554067935672D630947F6F,Unknown,2016-04-28,"",Espanol_Grupo1_preg,999,60,2016-04-28T10:52:50.000Z,,44,2016-04-28T11:03:07.309Z,0,4,block3,desert,4,2,patear_preg,,arrancar_preg,,,,,,218,arrancar_preg,CENTER_RIGHT,patear_preg,CENTER_LEFT,1310,touch_object,0,1
512D1AA7BA554067935672D630947F6F,Unknown,2016-04-28,"",Espanol_Grupo1_preg,999,60,2016-04-28T10:52:50.000Z,,45,2016-04-28T11:03:16.126Z,0,4,block3,desert,5,2,llorar_preg,,saltar_preg,,,,,,518,saltar_preg,CENTER_RIGHT,llorar_preg,CENTER_LEFT,1532,touch_object,0,1
512D1AA7BA554067935672D630947F6F,Unknown,2016-04-28,"",Espanol_Grupo1_preg,999,60,2016-04-28T10:52:50.000Z,,46,2016-04-28T11:03:25.443Z,0,4,block3,desert,6,2,triste_preg,,contento_preg,,,,,,6104,triste_preg,CENTER_LEFT,contento_preg,CENTER_RIGHT,1714,touch_object,0,1
512D1AA7BA554067935672D630947F6F,Unknown,2016-04-28,"",Espanol_Grupo1_preg,999,60,2016-04-28T10:52:50.000Z,,47,2016-04-28T11:03:40.544Z,0,4,block3,desert,7,2,lampara_preg,,empanada_preg,,,,,,257,lampara_preg,CENTER_LEFT,empanada_preg,CENTER_RIGHT,1512,touch_object,0,1
