uuid,device,date,config_scenario,config_profile,subject_id,session_number,session_started_at,session_ended_at,trial_number_session,trial_started_at,repetition,level_number,level_name,level_background,stage_number,objects_count,object1_name,object1_touch_diff_time,object2_name,object2_touch_diff_time,object3_name,object3_touch_diff_time,object4_name,object4_touch_diff_time,mandy_touch_diff_time,object_asked,object_asked_position,object_touched,object_touched_position,object_touched_at,stage_end,correct,feedback
33CB6055744A4F6EA03881FF60C1842D,Unknown,2016-04-28,"",Espanol_Grupo2_preg,999,63,2016-04-28T15:05:25.000Z,2016-04-28T15:15:38.000Z,1,2016-04-28T15:05:26.519Z,1,1,entrenamiento,countryside,1,2,nariz_preg,,oreja_preg,,,,,,143,oreja_preg,CENTER_RIGHT,nariz_preg,CENTER_LEFT,7785,touch_object,0,1
33CB6055744A4F6EA03881FF60C1842D,Unknown,2016-04-28,"",Espanol_Grupo2_preg,999,63,2016-04-28T15:05:25.000Z,2016-04-28T15:15:38.000Z,2,2016-04-28T15:05:42.258Z,1,1,entrenamiento,countryside,1,2,nariz_preg,,oreja_preg,,,,,,246,oreja_preg,CENTER_RIGHT,nariz_preg,CENTER_LEFT,2064,touch_object,0,1
33CB6055744A4F6EA03881FF60C1842D,Unknown,2016-04-28,"",Espanol_Grupo2_preg,999,63,2016-04-28T15:05:25.000Z,2016-04-28T15:15:38.000Z,3,2016-04-28T15:05:51.835Z,1,1,entrenamiento,countryside,1,2,nariz_preg,,oreja_preg,,,,,,106,oreja_preg,CENTER_RIGHT,nariz_preg,CENTER_LEFT,1667,touch_object,0,1
33CB6055744A4F6EA03881FF60C1842D,Unknown,2016-04-28,"",Espanol_Grupo2_preg,999,63,2016-04-28T15:05:25.000Z,2016-04-28T15:15:38.000Z,4,2016-04-28T15:06:00.868Z,0,1,entrenamiento,countryside,1,2,nariz_preg,,oreja_preg,,,,,,272,oreja_preg,CENTER_RIGHT,oreja_preg,CENTER_RIGHT,1608,touch_object,1,1
33CB6055744A4F6EA03881FF60C1842D,Unknown,2016-04-28,"",Espanol_Grupo2_preg,999,63,2016-04-28T15:05:25.000Z,2016-04-28T15:15:38.000Z,5,2016-04-28T15:06:10.103Z,1,1,entrenamiento,countryside,2,2,amarillo_preg,,verde_preg,,,,,,204,amarillo_preg,CENTER_LEFT,verde_preg,CENTER_RIGHT,1729,touch_object,0,1
33CB6055744A4F6EA03881FF60C1842D,Unknown,2016-04-28,"",Espanol_Grupo2_preg,999,63,2016-04-28T15:05:25.000Z,2016-04-28T15:15:38.000Z,6,2016-04-28T15:06:19.304Z,1,1,entrenamiento,countryside,2,2,amarillo_preg,,verde_preg,,,,,,3090,amarillo_preg,CENTER_LEFT,verde_preg,CENTER_RIGHT,7101,touch_object,0,1
33CB6055744A4F6EA03881FF60C1842D,Unknown,2016-04-28,"",Espanol_Grupo2_preg,999,63,2016-04-28T15:05:25.000Z,2016-04-28T15:15:38.000Z,7,2016-04-28T15:06:36.754Z,0,1,entrenamiento,countryside,2,2,amarillo_preg,,verde_preg,,,,,,333,amarillo_preg,CENTER_LEFT,amarillo_preg,CENTER_LEFT,1605,touch_object,1,1
33CB6055744A4F6EA03881FF60C1842D,Unknown,2016-04-28,"",Espanol_Grupo2_preg,999,63,2016-04-28T15:05:25.000Z,2016-04-28T15:15:38.000Z,8,2016-04-28T15:06:45.971Z,1,1,entrenamiento,countryside,3,2,sonreir_preg,,correr_preg,,,,,,200,correr_preg,CENTER_RIGHT,sonreir_preg,CENTER_LEFT,2051,touch_object,0,1
33CB6055744A4F6EA03881FF60C1842D,Unknown,2016-04-28,"",Espanol_Grupo2_preg,999,63,2016-04-28T15:05:25.000Z,2016-04-28T15:15:38.000Z,9,2016-04-28T15:06:55.489Z,1,1,entrenamiento,countryside,3,2,sonreir_preg,,correr_preg,,,,,,93,correr_preg,CENTER_RIGHT,sonreir_preg,CENTER_LEFT,3222,touch_object,0,1
33CB6055744A4F6EA03881FF60C1842D,Unknown,2016-04-28,"",Espanol_Grupo2_preg,999,63,2016-04-28T15:05:25.000Z,2016-04-28T15:15:38.000Z,10,2016-04-28T15:07:06.056Z,1,1,entrenamiento,countryside,3,2,sonreir_preg,,correr_preg,,,,,,373,correr_preg,CENTER_RIGHT,sonreir_preg,CENTER_LEFT,1895,touch_object,0,1
33CB6055744A4F6EA03881FF60C1842D,Unknown,2016-04-28,"",Espanol_Grupo2_preg,999,63,2016-04-28T15:05:25.000Z,2016-04-28T15:15:38.000Z,11,2016-04-28T15:07:15.589Z,1,1,entrenamiento,countryside,3,2,sonreir_preg,,correr_preg,,,,,,104,correr_preg,CENTER_RIGHT,sonreir_preg,CENTER_LEFT,1470,touch_object,0,1
33CB6055744A4F6EA03881FF60C1842D,Unknown,2016-04-28,"",Espanol_Grupo2_preg,999,63,2016-04-28T15:05:25.000Z,2016-04-28T15:15:38.000Z,12,2016-04-28T15:07:24.406Z,0,1,entrenamiento,countryside,3,2,sonreir_preg,,correr_preg,,,,,,122,correr_preg,CENTER_RIGHT,correr_preg,CENTER_RIGHT,1034,touch_object,1,1
33CB6055744A4F6EA03881FF60C1842D,Unknown,2016-04-28,"",Espanol_Grupo2_preg,999,63,2016-04-28T15:05:25.000Z,2016-04-28T15:15:38.000Z,13,2016-04-28T15:07:32.823Z,1,1,entrenamiento,countryside,4,2,abrir_preg,,tirar_preg,,,,,,346,abrir_preg,CENTER_LEFT,tirar_preg,CENTER_RIGHT,1787,touch_object,0,1
33CB6055744A4F6EA03881FF60C1842D,Unknown,2016-04-28,"",Espanol_Grupo2_preg,999,63,2016-04-28T15:05:25.000Z,2016-04-28T15:15:38.000Z,14,2016-04-28T15:07:42.225Z,1,1,entrenamiento,countryside,4,2,abrir_preg,,tirar_preg,,,,,,1016,abrir_preg,CENTER_LEFT,tirar_preg,CENTER_RIGHT,1170,touch_object,0,1
33CB6055744A4F6EA03881FF60C1842D,Unknown,2016-04-28,"",Espanol_Grupo2_preg,999,63,2016-04-28T15:05:25.000Z,2016-04-28T15:15:38.000Z,15,2016-04-28T15:07:51.691Z,0,1,entrenamiento,countryside,4,2,abrir_preg,,tirar_preg,,,,,,1258,abrir_preg,CENTER_LEFT,abrir_preg,CENTER_LEFT,1595,touch_object,1,1
33CB6055744A4F6EA03881FF60C1842D,Unknown,2016-04-28,"",Espanol_Grupo2_preg,999,63,2016-04-28T15:05:25.000Z,2016-04-28T15:15:38.000Z,16,2016-04-28T15:08:03.658Z,0,2,block1,beach,1,2,boton_preg,,pez_preg,,,,,,5882,boton_preg,CENTER_LEFT,pez_preg,CENTER_RIGHT,1747,touch_object,0,1
33CB6055744A4F6EA03881FF60C1842D,Unknown,2016-04-28,"",Espanol_Grupo2_preg,999,63,2016-04-28T15:05:25.000Z,2016-04-28T15:15:38.000Z,17,2016-04-28T15:08:18.626Z,0,2,block1,beach,2,2,barrer_preg,,clavar_preg,,,,,,396,barrer_preg,CENTER_LEFT,clavar_preg,CENTER_RIGHT,1322,touch_object,0,1
33CB6055744A4F6EA03881FF60C1842D,Unknown,2016-04-28,"",Espanol_Grupo2_preg,999,63,2016-04-28T15:05:25.000Z,2016-04-28T15:15:38.000Z,18,2016-04-28T15:08:27.643Z,0,2,block1,beach,3,2,lavar_preg,,comer_preg,,,,,,12,comer_preg,CENTER_RIGHT,lavar_preg,CENTER_LEFT,2042,touch_object,0,1
33CB6055744A4F6EA03881FF60C1842D,Unknown,2016-04-28,"",Espanol_Grupo2_preg,999,63,2016-04-28T15:05:25.000Z,2016-04-28T15:15:38.000Z,19,2016-04-28T15:08:36.978Z,0,2,block1,beach,4,2,pescar_preg,,nadar_preg,,,,,,5173,nadar_preg,CENTER_RIGHT,pescar_preg,CENTER_LEFT,1594,touch_object,0,1
33CB6055744A4F6EA03881FF60C1842D,Unknown,2016-04-28,"",Espanol_Grupo2_preg,999,63,2016-04-28T15:05:25.000Z,2016-04-28T15:15:38.000Z,20,2016-04-28T15:08:51.028Z,0,2,block1,beach,5,2,tortuga_preg,,mariposa_preg,,,,,,5099,tortuga_preg,CENTER_LEFT,mariposa_preg,CENTER_RIGHT,1713,touch_object,0,1
33CB6055744A4F6EA03881FF60C1842D,Unknown,2016-04-28,"",Espanol_Grupo2_preg,999,63,2016-04-28T15:05:25.000Z,2016-04-28T15:15:38.000Z,21,2016-04-28T15:09:05.112Z,0,2,block1,beach,6,2,oscuro_preg,,redondo_preg,,,,,,369,redondo_preg,CENTER_RIGHT,redondo_preg,CENTER_RIGHT,4001,touch_object,1,1
33CB6055744A4F6EA03881FF60C1842D,Unknown,2016-04-28,"",Espanol_Grupo2_preg,999,63,2016-04-28T15:05:25.000Z,2016-04-28T15:15:38.000Z,22,2016-04-28T15:09:16.763Z,0,2,block1,beach,7,2,pinguino_preg,,canguro_preg,,,,,,6263,pinguino_preg,CENTER_LEFT,canguro_preg,CENTER_RIGHT,12303,touch_object,0,1
33CB6055744A4F6EA03881FF60C1842D,Unknown,2016-04-28,"",Espanol_Grupo2_preg,999,63,2016-04-28T15:05:25.000Z,2016-04-28T15:15:38.000Z,23,2016-04-28T15:09:42.614Z,0,2,block1,beach,8,2,lleno_preg,,alto_preg,,,,,,1017,lleno_preg,CENTER_LEFT,alto_preg,CENTER_RIGHT,1808,touch_object,0,1
33CB6055744A4F6EA03881FF60C1842D,Unknown,2016-04-28,"",Espanol_Grupo2_preg,999,63,2016-04-28T15:05:25.000Z,2016-04-28T15:15:38.000Z,24,2016-04-28T15:09:52.714Z,0,2,block1,beach,9,2,inflar_preg,,atajar_preg,,,,,,28,atajar_preg,CENTER_RIGHT,atajar_preg,CENTER_RIGHT,7089,touch_object,1,1
33CB6055744A4F6EA03881FF60C1842D,Unknown,2016-04-28,"",Espanol_Grupo2_preg,999,63,2016-04-28T15:05:25.000Z,2016-04-28T15:15:38.000Z,25,2016-04-28T15:10:07.115Z,0,2,block1,beach,10,2,colectivo_preg,,avion_preg,,,,,,46,colectivo_preg,CENTER_LEFT,colectivo_preg,CENTER_LEFT,3031,touch_object,1,1
33CB6055744A4F6EA03881FF60C1842D,Unknown,2016-04-28,"",Espanol_Grupo2_preg,999,63,2016-04-28T15:05:25.000Z,2016-04-28T15:15:38.000Z,26,2016-04-28T15:10:17.483Z,0,2,block1,beach,11,2,caballo_preg,,gato_preg,,,,,,26,gato_preg,CENTER_RIGHT,gato_preg,CENTER_RIGHT,1327,touch_object,1,1
33CB6055744A4F6EA03881FF60C1842D,Unknown,2016-04-28,"",Espanol_Grupo2_preg,999,63,2016-04-28T15:05:25.000Z,2016-04-28T15:15:38.000Z,27,2016-04-28T15:10:26.133Z,0,2,block1,beach,12,2,peludo_preg,,rayado_preg,,,,,,82,rayado_preg,CENTER_RIGHT,rayado_preg,CENTER_RIGHT,2966,touch_object,1,1
33CB6055744A4F6EA03881FF60C1842D,Unknown,2016-04-28,"",Espanol_Grupo2_preg,999,63,2016-04-28T15:05:25.000Z,2016-04-28T15:15:38.000Z,28,2016-04-28T15:10:36.500Z,0,2,block1,beach,13,2,helicoptero_preg,,accidente_preg,,,,,,14,helicoptero_preg,CENTER_LEFT,helicoptero_preg,CENTER_LEFT,1724,touch_object,1,1
33CB6055744A4F6EA03881FF60C1842D,Unknown,2016-04-28,"",Espanol_Grupo2_preg,999,63,2016-04-28T15:05:25.000Z,2016-04-28T15:15:38.000Z,29,2016-04-28T15:10:45.535Z,0,2,block1,beach,14,2,casa_preg,,comida_preg,,,,,,23,casa_preg,CENTER_LEFT,casa_preg,CENTER_LEFT,1047,touch_object,1,1
33CB6055744A4F6EA03881FF60C1842D,Unknown,2016-04-28,"",Espanol_Grupo2_preg,999,63,2016-04-28T15:05:25.000Z,2016-04-28T15:15:38.000Z,30,2016-04-28T15:10:55.233Z,0,3,block2,mountain,1,2,rio_preg,,bosque_preg,,,,,,68,bosque_preg,CENTER_RIGHT,bosque_preg,CENTER_RIGHT,1342,touch_object,1,1
33CB6055744A4F6EA03881FF60C1842D,Unknown,2016-04-28,"",Espanol_Grupo2_preg,999,63,2016-04-28T15:05:25.000Z,2016-04-28T15:15:38.000Z,31,2016-04-28T15:11:04.002Z,0,3,block2,mountain,2,2,rojo_preg,,grande_preg,,,,,,179,grande_preg,CENTER_RIGHT,grande_preg,CENTER_RIGHT,1618,touch_object,1,1
33CB6055744A4F6EA03881FF60C1842D,Unknown,2016-04-28,"",Espanol_Grupo2_preg,999,63,2016-04-28T15:05:25.000Z,2016-04-28T15:15:38.000Z,32,2016-04-28T15:11:13.512Z,0,3,block2,mountain,3,2,tijera_preg,,bicicleta_preg,,,,,,131,tijera_preg,CENTER_LEFT,tijera_preg,CENTER_LEFT,1205,touch_object,1,1
33CB6055744A4F6EA03881FF60C1842D,Unknown,2016-04-28,"",Espanol_Grupo2_preg,999,63,2016-04-28T15:05:25.000Z,2016-04-28T15:15:38.000Z,33,2016-04-28T15:11:22.146Z,0,3,block2,mountain,4,2,atar_preg,,pisar_preg,,,,,,52,atar_preg,CENTER_LEFT,atar_preg,CENTER_LEFT,1410,touch_object,1,1
33CB6055744A4F6EA03881FF60C1842D,Unknown,2016-04-28,"",Espanol_Grupo2_preg,999,63,2016-04-28T15:05:25.000Z,2016-04-28T15:15:38.000Z,34,2016-04-28T15:11:30.913Z,0,3,block2,mountain,5,2,romper_preg,,tocar_preg,,,,,,71,tocar_preg,CENTER_RIGHT,tocar_preg,CENTER_RIGHT,1811,touch_object,1,1
33CB6055744A4F6EA03881FF60C1842D,Unknown,2016-04-28,"",Espanol_Grupo2_preg,999,63,2016-04-28T15:05:25.000Z,2016-04-28T15:15:38.000Z,35,2016-04-28T15:11:40.080Z,0,3,block2,mountain,6,2,hombre_preg,,pato_preg,,,,,,927,pato_preg,CENTER_RIGHT,pato_preg,CENTER_RIGHT,2947,touch_object,1,1
33CB6055744A4F6EA03881FF60C1842D,Unknown,2016-04-28,"",Espanol_Grupo2_preg,999,63,2016-04-28T15:05:25.000Z,2016-04-28T15:15:38.000Z,36,2016-04-28T15:11:51.248Z,0,3,block2,mountain,7,2,grupo_preg,,medico_preg,,,,,,34375,grupo_preg,CENTER_LEFT,grupo_preg,CENTER_LEFT,1281,touch_object,1,1
33CB6055744A4F6EA03881FF60C1842D,Unknown,2016-04-28,"",Espanol_Grupo2_preg,999,63,2016-04-28T15:05:25.000Z,2016-04-28T15:15:38.000Z,37,2016-04-28T15:12:34.217Z,0,3,block2,mountain,8,2,viejo_preg,,descalzo_preg,,,,,,751,descalzo_preg,CENTER_RIGHT,descalzo_preg,CENTER_RIGHT,1418,touch_object,1,1
33CB6055744A4F6EA03881FF60C1842D,Unknown,2016-04-28,"",Espanol_Grupo2_preg,999,63,2016-04-28T15:05:25.000Z,2016-04-28T15:15:38.000Z,38,2016-04-28T15:12:43.684Z,0,3,block2,mountain,9,2,boca_preg,,cabeza_preg,,,,,,63,boca_preg,CENTER_LEFT,boca_preg,CENTER_LEFT,992,touch_object,1,1
33CB6055744A4F6EA03881FF60C1842D,Unknown,2016-04-28,"",Espanol_Grupo2_preg,999,63,2016-04-28T15:05:25.000Z,2016-04-28T15:15:38.000Z,39,2016-04-28T15:12:52.034Z,0,3,block2,mountain,10,2,gorro_preg,,camion_preg,,,,,,1028,camion_preg,CENTER_RIGHT,camion_preg,CENTER_RIGHT,1080,touch_object,1,1
33CB6055744A4F6EA03881FF60C1842D,Unknown,2016-04-28,"",Espanol_Grupo2_preg,999,63,2016-04-28T15:05:25.000Z,2016-04-28T15:15:38.000Z,40,2016-04-28T15:13:01.452Z,0,3,block2,mountain,11,2,rota_preg,,pesada_preg,,,,,,21,pesada_preg,CENTER_RIGHT,pesada_preg,CENTER_RIGHT,1050,touch_object,1,1
33CB6055744A4F6EA03881FF60C1842D,Unknown,2016-04-28,"",Espanol_Grupo2_preg,999,63,2016-04-28T15:05:25.000Z,2016-04-28T15:15:38.000Z,41,2016-04-28T15:13:09.836Z,0,3,block2,mountain,12,2,sucia_preg,,limpia_preg,,,,,,11,sucia_preg,CENTER_LEFT,sucia_preg,CENTER_LEFT,1149,touch_object,1,1
33CB6055744A4F6EA03881FF60C1842D,Unknown,2016-04-28,"",Espanol_Grupo2_preg,999,63,2016-04-28T15:05:25.000Z,2016-04-28T15:15:38.000Z,42,2016-04-28T15:13:18.286Z,0,3,block2,mountain,13,2,canilla_preg,,vela_preg,,,,,,801,vela_preg,CENTER_RIGHT,vela_preg,CENTER_RIGHT,1072,touch_object,1,1
33CB6055744A4F6EA03881FF60C1842D,Unknown,2016-04-28,"",Espanol_Grupo2_preg,999,63,2016-04-28T15:05:25.000Z,2016-04-28T15:15:38.000Z,43,2016-04-28T15:13:27.454Z,0,3,block2,mountain,14,2,lapiz_preg,,pantalon_preg,,,,,,1405,pantalon_preg,CENTER_RIGHT,pantalon_preg,CENTER_RIGHT,891,touch_object,1,1
33CB6055744A4F6EA03881FF60C1842D,Unknown,2016-04-28,"",Espanol_Grupo2_preg,999,63,2016-04-28T15:05:25.000Z,2016-04-28T15:15:38.000Z,44,2016-04-28T15:13:38.334Z,0,4,block3,desert,1,2,mueble_preg,,bolso_preg,,,,,,1237,mueble_preg,CENTER_LEFT,mueble_preg,CENTER_LEFT,1270,touch_object,1,1
33CB6055744A4F6EA03881FF60C1842D,Unknown,2016-04-28,"",Espanol_Grupo2_preg,999,63,2016-04-28T15:05:25.000Z,2016-04-28T15:15:38.000Z,45,2016-04-28T15:13:48.188Z,0,4,block3,desert,2,2,muneca_preg,,mochila_preg,,,,,,90,muneca_preg,CENTER_LEFT,muneca_preg,CENTER_LEFT,1019,touch_object,1,1
33CB6055744A4F6EA03881FF60C1842D,Unknown,2016-04-28,"",Espanol_Grupo2_preg,999,63,2016-04-28T15:05:25.000Z,2016-04-28T15:15:38.000Z,46,2016-04-28T15:13:56.604Z,0,4,block3,desert,3,2,perro_preg,,nene_preg,,,,,,548,nene_preg,CENTER_RIGHT,perro_preg,CENTER_LEFT,1149,touch_object,0,1
33CB6055744A4F6EA03881FF60C1842D,Unknown,2016-04-28,"",Espanol_Grupo2_preg,999,63,2016-04-28T15:05:25.000Z,2016-04-28T15:15:38.000Z,47,2016-04-28T15:14:05.572Z,0,4,block3,desert,4,2,patear_preg,,arrancar_preg,,,,,,62,patear_preg,CENTER_LEFT,patear_preg,CENTER_LEFT,1057,touch_object,1,1
33CB6055744A4F6EA03881FF60C1842D,Unknown,2016-04-28,"",Espanol_Grupo2_preg,999,63,2016-04-28T15:05:25.000Z,2016-04-28T15:15:38.000Z,48,2016-04-28T15:14:14.006Z,0,4,block3,desert,5,2,llorar_preg,,saltar_preg,,,,,,25,llorar_preg,CENTER_LEFT,llorar_preg,CENTER_LEFT,922,touch_object,1,1
33CB6055744A4F6EA03881FF60C1842D,Unknown,2016-04-28,"",Espanol_Grupo2_preg,999,63,2016-04-28T15:05:25.000Z,2016-04-28T15:15:38.000Z,49,2016-04-28T15:14:22.239Z,0,4,block3,desert,6,2,triste_preg,,contento_preg,,,,,,589,contento_preg,CENTER_RIGHT,contento_preg,CENTER_RIGHT,1819,touch_object,1,1
33CB6055744A4F6EA03881FF60C1842D,Unknown,2016-04-28,"",Espanol_Grupo2_preg,999,63,2016-04-28T15:05:25.000Z,2016-04-28T15:15:38.000Z,50,2016-04-28T15:14:31.957Z,0,4,block3,desert,7,2,lampara_preg,,empanada_preg,,,,,,790,empanada_preg,CENTER_RIGHT,empanada_preg,CENTER_RIGHT,1324,touch_object,1,1
33CB6055744A4F6EA03881FF60C1842D,Unknown,2016-04-28,"",Espanol_Grupo2_preg,999,63,2016-04-28T15:05:25.000Z,2016-04-28T15:15:38.000Z,51,2016-04-28T15:14:41.391Z,0,4,block3,desert,8,2,jugar_preg,,dormir_preg,,,,,,600,jugar_preg,CENTER_LEFT,jugar_preg,CENTER_LEFT,1752,touch_object,1,1
33CB6055744A4F6EA03881FF60C1842D,Unknown,2016-04-28,"",Espanol_Grupo2_preg,999,63,2016-04-28T15:05:25.000Z,2016-04-28T15:15:38.000Z,52,2016-04-28T15:14:51.058Z,0,4,block3,desert,9,2,barco_preg,,tren_preg,,,,,,432,tren_preg,CENTER_RIGHT,tren_preg,CENTER_RIGHT,1978,touch_object,1,1
33CB6055744A4F6EA03881FF60C1842D,Unknown,2016-04-28,"",Espanol_Grupo2_preg,999,63,2016-04-28T15:05:25.000Z,2016-04-28T15:15:38.000Z,53,2016-04-28T15:15:00.758Z,0,4,block3,desert,10,2,atrapar_preg,,soplar_preg,,,,,,56,soplar_preg,CENTER_RIGHT,soplar_preg,CENTER_RIGHT,1348,touch_object,1,1
33CB6055744A4F6EA03881FF60C1842D,Unknown,2016-04-28,"",Espanol_Grupo2_preg,999,63,2016-04-28T15:05:25.000Z,2016-04-28T15:15:38.000Z,54,2016-04-28T15:15:09.459Z,0,4,block3,desert,11,2,mosquito_preg,,loro_preg,,,,,,591,mosquito_preg,CENTER_LEFT,mosquito_preg,CENTER_LEFT,1260,touch_object,1,1
33CB6055744A4F6EA03881FF60C1842D,Unknown,2016-04-28,"",Espanol_Grupo2_preg,999,63,2016-04-28T15:05:25.000Z,2016-04-28T15:15:38.000Z,55,2016-04-28T15:15:18.609Z,0,4,block3,desert,12,2,zapatillas_preg,,camas_preg,,,,,,313,camas_preg,CENTER_RIGHT,camas_preg,CENTER_RIGHT,1232,touch_object,1,1
33CB6055744A4F6EA03881FF60C1842D,Unknown,2016-04-28,"",Espanol_Grupo2_preg,999,63,2016-04-28T15:05:25.000Z,2016-04-28T15:15:38.000Z,56,2016-04-28T15:15:27.460Z,0,4,block3,desert,13,2,peinar_preg,,reir_preg,,,,,,18,peinar_preg,CENTER_LEFT,peinar_preg,CENTER_LEFT,1208,touch_object,1,1
