uuid,device,date,config_scenario,config_profile,subject_id,session_number,session_started_at,session_ended_at,trial_number_session,trial_started_at,repetition,level_number,level_name,level_background,stage_number,objects_count,object1_name,object1_touch_diff_time,object2_name,object2_touch_diff_time,object3_name,object3_touch_diff_time,object4_name,object4_touch_diff_time,mandy_touch_diff_time,object_asked,object_asked_position,object_touched,object_touched_position,object_touched_at,stage_end,correct,feedback
71697521D1C546769D90E3897299AB6C,Unknown,2016-04-28,"",Espanol_Grupo2_imp,999,61,2016-04-28T11:15:09.000Z,2016-04-28T11:28:24.000Z,1,2016-04-28T11:15:10.657Z,1,1,entrenamiento,countryside,1,2,nariz_imp,,oreja_imp,,,,,,198,oreja_imp,CENTER_RIGHT,nariz_imp,CENTER_LEFT,44135,touch_object,0,1
71697521D1C546769D90E3897299AB6C,Unknown,2016-04-28,"",Espanol_Grupo2_imp,999,61,2016-04-28T11:15:09.000Z,2016-04-28T11:28:24.000Z,2,2016-04-28T11:16:02.650Z,1,1,entrenamiento,countryside,1,2,nariz_imp,,oreja_imp,,,,,,158,oreja_imp,CENTER_RIGHT,nariz_imp,CENTER_LEFT,2803,touch_object,0,1
71697521D1C546769D90E3897299AB6C,Unknown,2016-04-28,"",Espanol_Grupo2_imp,999,61,2016-04-28T11:15:09.000Z,2016-04-28T11:28:24.000Z,3,2016-04-28T11:16:12.877Z,0,1,entrenamiento,countryside,1,2,nariz_imp,,oreja_imp,,,,,,35725,oreja_imp,CENTER_RIGHT,oreja_imp,CENTER_RIGHT,1711,touch_object,1,1
71697521D1C546769D90E3897299AB6C,Unknown,2016-04-28,"",Espanol_Grupo2_imp,999,61,2016-04-28T11:15:09.000Z,2016-04-28T11:28:24.000Z,4,2016-04-28T11:16:57.665Z,1,1,entrenamiento,countryside,2,2,amarillo_imp,,verde_imp,,,,,,262,amarillo_imp,CENTER_LEFT,verde_imp,CENTER_RIGHT,2368,touch_object,0,1
71697521D1C546769D90E3897299AB6C,Unknown,2016-04-28,"",Espanol_Grupo2_imp,999,61,2016-04-28T11:15:09.000Z,2016-04-28T11:28:24.000Z,5,2016-04-28T11:17:07.581Z,1,1,entrenamiento,countryside,2,2,amarillo_imp,,verde_imp,,,,,,700,amarillo_imp,CENTER_LEFT,verde_imp,CENTER_RIGHT,3129,touch_object,0,1
71697521D1C546769D90E3897299AB6C,Unknown,2016-04-28,"",Espanol_Grupo2_imp,999,61,2016-04-28T11:15:09.000Z,2016-04-28T11:28:24.000Z,6,2016-04-28T11:17:18.665Z,0,1,entrenamiento,countryside,2,2,amarillo_imp,,verde_imp,,,,,,201,amarillo_imp,CENTER_LEFT,amarillo_imp,CENTER_LEFT,1646,touch_object,1,1
71697521D1C546769D90E3897299AB6C,Unknown,2016-04-28,"",Espanol_Grupo2_imp,999,61,2016-04-28T11:15:09.000Z,2016-04-28T11:28:24.000Z,7,2016-04-28T11:17:27.782Z,1,1,entrenamiento,countryside,3,2,sonreir_imp,,correr_imp,,,,,,137,correr_imp,CENTER_RIGHT,sonreir_imp,CENTER_LEFT,1510,touch_object,0,1
71697521D1C546769D90E3897299AB6C,Unknown,2016-04-28,"",Espanol_Grupo2_imp,999,61,2016-04-28T11:15:09.000Z,2016-04-28T11:28:24.000Z,8,2016-04-28T11:17:36.699Z,1,1,entrenamiento,countryside,3,2,sonreir_imp,,correr_imp,,,,,,367,correr_imp,CENTER_RIGHT,sonreir_imp,CENTER_LEFT,11268,touch_object,0,1
71697521D1C546769D90E3897299AB6C,Unknown,2016-04-28,"",Espanol_Grupo2_imp,999,61,2016-04-28T11:15:09.000Z,2016-04-28T11:28:24.000Z,9,2016-04-28T11:17:55.584Z,0,1,entrenamiento,countryside,3,2,sonreir_imp,,correr_imp,,,,,,9909,correr_imp,CENTER_RIGHT,correr_imp,CENTER_RIGHT,1005,touch_object,1,1
71697521D1C546769D90E3897299AB6C,Unknown,2016-04-28,"",Espanol_Grupo2_imp,999,61,2016-04-28T11:15:09.000Z,2016-04-28T11:28:24.000Z,10,2016-04-28T11:18:13.784Z,1,1,entrenamiento,countryside,4,2,abrir_imp,,tirar_imp,,,,,,152,abrir_imp,CENTER_LEFT,tirar_imp,CENTER_RIGHT,1729,touch_object,0,1
71697521D1C546769D90E3897299AB6C,Unknown,2016-04-28,"",Espanol_Grupo2_imp,999,61,2016-04-28T11:15:09.000Z,2016-04-28T11:28:24.000Z,11,2016-04-28T11:18:22.951Z,1,1,entrenamiento,countryside,4,2,abrir_imp,,tirar_imp,,,,,,23292,abrir_imp,CENTER_LEFT,tirar_imp,CENTER_RIGHT,2002,touch_object,0,1
71697521D1C546769D90E3897299AB6C,Unknown,2016-04-28,"",Espanol_Grupo2_imp,999,61,2016-04-28T11:15:09.000Z,2016-04-28T11:28:24.000Z,12,2016-04-28T11:18:55.537Z,0,1,entrenamiento,countryside,4,2,abrir_imp,,tirar_imp,,,,,,45,abrir_imp,CENTER_LEFT,abrir_imp,CENTER_LEFT,1723,touch_object,1,1
71697521D1C546769D90E3897299AB6C,Unknown,2016-04-28,"",Espanol_Grupo2_imp,999,61,2016-04-28T11:15:09.000Z,2016-04-28T11:28:24.000Z,13,2016-04-28T11:19:10.814Z,0,2,block1,beach,1,2,boton_imp,,pez_imp,,,,,,159,boton_imp,CENTER_LEFT,pez_imp,CENTER_RIGHT,1049,touch_object,0,1
71697521D1C546769D90E3897299AB6C,Unknown,2016-04-28,"",Espanol_Grupo2_imp,999,61,2016-04-28T11:15:09.000Z,2016-04-28T11:28:24.000Z,14,2016-04-28T11:19:19.372Z,0,2,block1,beach,2,2,barrer_imp,,clavar_imp,,,,,,12,barrer_imp,CENTER_LEFT,clavar_imp,CENTER_RIGHT,2041,touch_object,0,1
71697521D1C546769D90E3897299AB6C,Unknown,2016-04-28,"",Espanol_Grupo2_imp,999,61,2016-04-28T11:15:09.000Z,2016-04-28T11:28:24.000Z,15,2016-04-28T11:19:28.731Z,0,2,block1,beach,3,2,lavar_imp,,comer_imp,,,,,,431,comer_imp,CENTER_RIGHT,lavar_imp,CENTER_LEFT,1683,touch_object,0,1
71697521D1C546769D90E3897299AB6C,Unknown,2016-04-28,"",Espanol_Grupo2_imp,999,61,2016-04-28T11:15:09.000Z,2016-04-28T11:28:24.000Z,16,2016-04-28T11:19:38.173Z,0,2,block1,beach,4,2,pescar_imp,,nadar_imp,,,,,,285,nadar_imp,CENTER_RIGHT,pescar_imp,CENTER_LEFT,1575,touch_object,0,1
71697521D1C546769D90E3897299AB6C,Unknown,2016-04-28,"",Espanol_Grupo2_imp,999,61,2016-04-28T11:15:09.000Z,2016-04-28T11:28:24.000Z,17,2016-04-28T11:19:47.307Z,0,2,block1,beach,5,2,tortuga_imp,,mariposa_imp,,,,,,30,tortuga_imp,CENTER_LEFT,mariposa_imp,CENTER_RIGHT,1059,touch_object,0,1
71697521D1C546769D90E3897299AB6C,Unknown,2016-04-28,"",Espanol_Grupo2_imp,999,61,2016-04-28T11:15:09.000Z,2016-04-28T11:28:24.000Z,18,2016-04-28T11:19:55.673Z,0,2,block1,beach,6,2,oscuro_imp,,redondo_imp,,,,,,5294,redondo_imp,CENTER_RIGHT,oscuro_imp,CENTER_LEFT,3045,touch_object,0,1
71697521D1C546769D90E3897299AB6C,Unknown,2016-04-28,"",Espanol_Grupo2_imp,999,61,2016-04-28T11:15:09.000Z,2016-04-28T11:28:24.000Z,19,2016-04-28T11:20:11.291Z,0,2,block1,beach,7,2,pinguino_imp,,canguro_imp,,,,,,228,pinguino_imp,CENTER_LEFT,canguro_imp,CENTER_RIGHT,1625,touch_object,0,1
71697521D1C546769D90E3897299AB6C,Unknown,2016-04-28,"",Espanol_Grupo2_imp,999,61,2016-04-28T11:15:09.000Z,2016-04-28T11:28:24.000Z,20,2016-04-28T11:20:20.425Z,0,2,block1,beach,8,2,lleno_imp,,alto_imp,,,,,,29256,lleno_imp,CENTER_LEFT,alto_imp,CENTER_RIGHT,2236,touch_object,0,1
71697521D1C546769D90E3897299AB6C,Unknown,2016-04-28,"",Espanol_Grupo2_imp,999,61,2016-04-28T11:15:09.000Z,2016-04-28T11:28:24.000Z,21,2016-04-28T11:20:59.178Z,0,2,block1,beach,9,2,inflar_imp,,atajar_imp,,,,,,4921,atajar_imp,CENTER_RIGHT,atajar_imp,CENTER_RIGHT,2276,touch_object,1,1
71697521D1C546769D90E3897299AB6C,Unknown,2016-04-28,"",Espanol_Grupo2_imp,999,61,2016-04-28T11:15:09.000Z,2016-04-28T11:28:24.000Z,22,2016-04-28T11:21:13.679Z,0,2,block1,beach,10,2,colectivo_imp,,avion_imp,,,,,,32,colectivo_imp,CENTER_LEFT,colectivo_imp,CENTER_LEFT,1858,touch_object,1,1
71697521D1C546769D90E3897299AB6C,Unknown,2016-04-28,"",Espanol_Grupo2_imp,999,61,2016-04-28T11:15:09.000Z,2016-04-28T11:28:24.000Z,23,2016-04-28T11:21:22.862Z,0,2,block1,beach,11,2,caballo_imp,,gato_imp,,,,,,1697,gato_imp,CENTER_RIGHT,caballo_imp,CENTER_LEFT,2453,touch_object,0,1
71697521D1C546769D90E3897299AB6C,Unknown,2016-04-28,"",Espanol_Grupo2_imp,999,61,2016-04-28T11:15:09.000Z,2016-04-28T11:28:24.000Z,24,2016-04-28T11:21:34.313Z,0,2,block1,beach,12,2,peludo_imp,,rayado_imp,,,,,,26,rayado_imp,CENTER_RIGHT,rayado_imp,CENTER_RIGHT,3833,touch_object,1,1
71697521D1C546769D90E3897299AB6C,Unknown,2016-04-28,"",Espanol_Grupo2_imp,999,61,2016-04-28T11:15:09.000Z,2016-04-28T11:28:24.000Z,25,2016-04-28T11:21:45.480Z,0,2,block1,beach,13,2,helicoptero_imp,,accidente_imp,,,,,,11,helicoptero_imp,CENTER_LEFT,accidente_imp,CENTER_RIGHT,2463,touch_object,0,1
71697521D1C546769D90E3897299AB6C,Unknown,2016-04-28,"",Espanol_Grupo2_imp,999,61,2016-04-28T11:15:09.000Z,2016-04-28T11:28:24.000Z,26,2016-04-28T11:21:55.246Z,0,2,block1,beach,14,2,casa_imp,,comida_imp,,,,,,1000,casa_imp,CENTER_LEFT,comida_imp,CENTER_RIGHT,1421,touch_object,0,1
71697521D1C546769D90E3897299AB6C,Unknown,2016-04-28,"",Espanol_Grupo2_imp,999,61,2016-04-28T11:15:09.000Z,2016-04-28T11:28:24.000Z,27,2016-04-28T11:22:05.908Z,0,3,block2,mountain,1,2,rio_imp,,bosque_imp,,,,,,39,bosque_imp,CENTER_RIGHT,rio_imp,CENTER_LEFT,2158,touch_object,0,1
71697521D1C546769D90E3897299AB6C,Unknown,2016-04-28,"",Espanol_Grupo2_imp,999,61,2016-04-28T11:15:09.000Z,2016-04-28T11:28:24.000Z,28,2016-04-28T11:22:15.448Z,0,3,block2,mountain,2,2,rojo_imp,,grande_imp,,,,,,11,grande_imp,CENTER_RIGHT,rojo_imp,CENTER_LEFT,1375,touch_object,0,1
71697521D1C546769D90E3897299AB6C,Unknown,2016-04-28,"",Espanol_Grupo2_imp,999,61,2016-04-28T11:15:09.000Z,2016-04-28T11:28:24.000Z,29,2016-04-28T11:22:24.132Z,0,3,block2,mountain,3,2,tijera_imp,,bicicleta_imp,,,,,,684,tijera_imp,CENTER_LEFT,bicicleta_imp,CENTER_RIGHT,3253,touch_object,0,1
71697521D1C546769D90E3897299AB6C,Unknown,2016-04-28,"",Espanol_Grupo2_imp,999,61,2016-04-28T11:15:09.000Z,2016-04-28T11:28:24.000Z,30,2016-04-28T11:22:35.366Z,0,3,block2,mountain,4,2,atar_imp,,pisar_imp,,,,,,28,atar_imp,CENTER_LEFT,pisar_imp,CENTER_RIGHT,1964,touch_object,0,1
71697521D1C546769D90E3897299AB6C,Unknown,2016-04-28,"",Espanol_Grupo2_imp,999,61,2016-04-28T11:15:09.000Z,2016-04-28T11:28:24.000Z,31,2016-04-28T11:22:44.633Z,0,3,block2,mountain,5,2,romper_imp,,tocar_imp,,,,,,56,tocar_imp,CENTER_RIGHT,romper_imp,CENTER_LEFT,2691,touch_object,0,1
71697521D1C546769D90E3897299AB6C,Unknown,2016-04-28,"",Espanol_Grupo2_imp,999,61,2016-04-28T11:15:09.000Z,2016-04-28T11:28:24.000Z,32,2016-04-28T11:22:54.668Z,0,3,block2,mountain,6,2,hombre_imp,,pato_imp,,,,,,194,pato_imp,CENTER_RIGHT,hombre_imp,CENTER_LEFT,2151,touch_object,0,1
71697521D1C546769D90E3897299AB6C,Unknown,2016-04-28,"",Espanol_Grupo2_imp,999,61,2016-04-28T11:15:09.000Z,2016-04-28T11:28:24.000Z,33,2016-04-28T11:23:04.284Z,0,3,block2,mountain,7,2,grupo_imp,,medico_imp,,,,,,727,grupo_imp,CENTER_LEFT,medico_imp,CENTER_RIGHT,1077,touch_object,0,1
71697521D1C546769D90E3897299AB6C,Unknown,2016-04-28,"",Espanol_Grupo2_imp,999,61,2016-04-28T11:15:09.000Z,2016-04-28T11:28:24.000Z,34,2016-04-28T11:23:13.385Z,0,3,block2,mountain,8,2,viejo_imp,,descalzo_imp,,,,,,67,descalzo_imp,CENTER_RIGHT,viejo_imp,CENTER_LEFT,1606,touch_object,0,1
71697521D1C546769D90E3897299AB6C,Unknown,2016-04-28,"",Espanol_Grupo2_imp,999,61,2016-04-28T11:15:09.000Z,2016-04-28T11:28:24.000Z,35,2016-04-28T11:23:22.335Z,0,3,block2,mountain,9,2,boca_imp,,cabeza_imp,,,,,,77,boca_imp,CENTER_LEFT,cabeza_imp,CENTER_RIGHT,1153,touch_object,0,1
71697521D1C546769D90E3897299AB6C,Unknown,2016-04-28,"",Espanol_Grupo2_imp,999,61,2016-04-28T11:15:09.000Z,2016-04-28T11:28:24.000Z,36,2016-04-28T11:23:30.836Z,0,3,block2,mountain,10,2,gorro_imp,,camion_imp,,,,,,35,camion_imp,CENTER_RIGHT,gorro_imp,CENTER_LEFT,2931,touch_object,0,1
71697521D1C546769D90E3897299AB6C,Unknown,2016-04-28,"",Espanol_Grupo2_imp,999,61,2016-04-28T11:15:09.000Z,2016-04-28T11:28:24.000Z,37,2016-04-28T11:23:41.086Z,0,3,block2,mountain,11,2,rota_imp,,pesada_imp,,,,,,704,pesada_imp,CENTER_RIGHT,rota_imp,CENTER_LEFT,2003,touch_object,0,1
71697521D1C546769D90E3897299AB6C,Unknown,2016-04-28,"",Espanol_Grupo2_imp,999,61,2016-04-28T11:15:09.000Z,2016-04-28T11:28:24.000Z,38,2016-04-28T11:23:51.070Z,0,3,block2,mountain,12,2,sucia_imp,,limpia_imp,,,,,,10205,sucia_imp,CENTER_LEFT,limpia_imp,CENTER_RIGHT,1128,touch_object,0,1
71697521D1C546769D90E3897299AB6C,Unknown,2016-04-28,"",Espanol_Grupo2_imp,999,61,2016-04-28T11:15:09.000Z,2016-04-28T11:28:24.000Z,39,2016-04-28T11:24:09.671Z,0,3,block2,mountain,13,2,canilla_imp,,vela_imp,,,,,,62,vela_imp,CENTER_RIGHT,canilla_imp,CENTER_LEFT,1121,touch_object,0,1
71697521D1C546769D90E3897299AB6C,Unknown,2016-04-28,"",Espanol_Grupo2_imp,999,61,2016-04-28T11:15:09.000Z,2016-04-28T11:28:24.000Z,40,2016-04-28T11:24:18.122Z,0,3,block2,mountain,14,2,lapiz_imp,,pantalon_imp,,,,,,55,pantalon_imp,CENTER_RIGHT,lapiz_imp,CENTER_LEFT,980,touch_object,0,1
71697521D1C546769D90E3897299AB6C,Unknown,2016-04-28,"",Espanol_Grupo2_imp,999,61,2016-04-28T11:15:09.000Z,2016-04-28T11:28:24.000Z,41,2016-04-28T11:24:27.165Z,0,4,block3,desert,1,2,mueble_imp,,bolso_imp,,,,,,11,mueble_imp,CENTER_LEFT,bolso_imp,CENTER_RIGHT,2587,touch_object,0,1
71697521D1C546769D90E3897299AB6C,Unknown,2016-04-28,"",Espanol_Grupo2_imp,999,61,2016-04-28T11:15:09.000Z,2016-04-28T11:28:24.000Z,42,2016-04-28T11:24:37.106Z,0,4,block3,desert,2,2,muneca_imp,,mochila_imp,,,,,,698,muneca_imp,CENTER_LEFT,mochila_imp,CENTER_RIGHT,3125,touch_object,0,1
71697521D1C546769D90E3897299AB6C,Unknown,2016-04-28,"",Espanol_Grupo2_imp,999,61,2016-04-28T11:15:09.000Z,2016-04-28T11:28:24.000Z,43,2016-04-28T11:24:48.207Z,0,4,block3,desert,3,2,perro_imp,,nene_imp,,,,,,3288,nene_imp,CENTER_RIGHT,perro_imp,CENTER_LEFT,1637,touch_object,0,1
71697521D1C546769D90E3897299AB6C,Unknown,2016-04-28,"",Espanol_Grupo2_imp,999,61,2016-04-28T11:15:09.000Z,2016-04-28T11:28:24.000Z,44,2016-04-28T11:25:00.424Z,0,4,block3,desert,4,2,patear_imp,,arrancar_imp,,,,,,344,patear_imp,CENTER_LEFT,arrancar_imp,CENTER_RIGHT,2435,touch_object,0,1
71697521D1C546769D90E3897299AB6C,Unknown,2016-04-28,"",Espanol_Grupo2_imp,999,61,2016-04-28T11:15:09.000Z,2016-04-28T11:28:24.000Z,45,2016-04-28T11:25:10.491Z,0,4,block3,desert,5,2,llorar_imp,,saltar_imp,,,,,,482,llorar_imp,CENTER_LEFT,saltar_imp,CENTER_RIGHT,1415,touch_object,0,1
71697521D1C546769D90E3897299AB6C,Unknown,2016-04-28,"",Espanol_Grupo2_imp,999,61,2016-04-28T11:15:09.000Z,2016-04-28T11:28:24.000Z,46,2016-04-28T11:25:19.658Z,0,4,block3,desert,6,2,triste_imp,,contento_imp,,,,,,32,contento_imp,CENTER_RIGHT,triste_imp,CENTER_LEFT,1373,touch_object,0,1
71697521D1C546769D90E3897299AB6C,Unknown,2016-04-28,"",Espanol_Grupo2_imp,999,61,2016-04-28T11:15:09.000Z,2016-04-28T11:28:24.000Z,47,2016-04-28T11:25:28.326Z,0,4,block3,desert,7,2,lampara_imp,,empanada_imp,,,,,,690,empanada_imp,CENTER_RIGHT,lampara_imp,CENTER_LEFT,2541,touch_object,0,1
71697521D1C546769D90E3897299AB6C,Unknown,2016-04-28,"",Espanol_Grupo2_imp,999,61,2016-04-28T11:15:09.000Z,2016-04-28T11:28:24.000Z,48,2016-04-28T11:25:38.843Z,0,4,block3,desert,8,2,jugar_imp,,dormir_imp,,,,,,399,jugar_imp,CENTER_LEFT,dormir_imp,CENTER_RIGHT,3142,touch_object,0,1
71697521D1C546769D90E3897299AB6C,Unknown,2016-04-28,"",Espanol_Grupo2_imp,999,61,2016-04-28T11:15:09.000Z,2016-04-28T11:28:24.000Z,49,2016-04-28T11:25:49.660Z,0,4,block3,desert,9,2,barco_imp,,tren_imp,,,,,,131,tren_imp,CENTER_RIGHT,barco_imp,CENTER_LEFT,13466,touch_object,0,1
71697521D1C546769D90E3897299AB6C,Unknown,2016-04-28,"",Espanol_Grupo2_imp,999,61,2016-04-28T11:15:09.000Z,2016-04-28T11:28:24.000Z,50,2016-04-28T11:26:10.529Z,0,4,block3,desert,10,2,atrapar_imp,,soplar_imp,,,,,,366,soplar_imp,CENTER_RIGHT,soplar_imp,CENTER_RIGHT,11024,touch_object,1,1
71697521D1C546769D90E3897299AB6C,Unknown,2016-04-28,"",Espanol_Grupo2_imp,999,61,2016-04-28T11:15:09.000Z,2016-04-28T11:28:24.000Z,51,2016-04-28T11:26:29.245Z,0,4,block3,desert,11,2,mosquito_imp,,loro_imp,,,,,,13735,mosquito_imp,CENTER_LEFT,loro_imp,CENTER_RIGHT,3474,touch_object,0,1
71697521D1C546769D90E3897299AB6C,Unknown,2016-04-28,"",Espanol_Grupo2_imp,999,61,2016-04-28T11:15:09.000Z,2016-04-28T11:28:24.000Z,52,2016-04-28T11:26:53.730Z,0,4,block3,desert,12,2,zapatillas_imp,,camas_imp,,,,,,223,camas_imp,CENTER_RIGHT,camas_imp,CENTER_RIGHT,8723,touch_object,1,1
71697521D1C546769D90E3897299AB6C,Unknown,2016-04-28,"",Espanol_Grupo2_imp,999,61,2016-04-28T11:15:09.000Z,2016-04-28T11:28:24.000Z,53,2016-04-28T11:27:09.981Z,0,4,block3,desert,13,2,peinar_imp,,reir_imp,,,,,,11748,peinar_imp,CENTER_LEFT,peinar_imp,CENTER_LEFT,14196,touch_object,1,1
